Beer,Brewer,Bar
Canadian Breakfast Stout (CBS),foundersbrewing,The Cellar
Canadian Breakfast Stout (CBS),foundersbrewing,The Cellar
Harvest Ale,VictoryBeer,growlersph
Rare Bourbon County Brand Stout (2015),GooseIsland,hygge
Liquid Bliss,TerrapinBeerCo,growlersph
Mexicali Stout,BirdsongBrewing,purepizzaclt
Dunkel,oldemeckbrew,purepizzaclt
Brown Shugga',lagunitasbeer,La Cave De Champignons Brasserie
Delicious IPA,StoneBrewingCo,growlersph
Two Hearted Ale,BellsBrewery,La Cave De Champignons Brasserie
Hop Trick,oconnorbrewing,Cat and Charles's Steak House
Black Sheep,AMBrewery,duckworthsbally
Monkshine Organic Belgian Style Golden Ale,UintaBrewing,dilworthng
Brown Shugga',lagunitasbeer,La Cave De Champignons Brasserie
Project PAM,foundersbrewing,saludnoda
Hopsecutioner,TerrapinBeerCo,dilworthng
Woody And Wilcox IPA,nodabrewing,nodabrewing
Jade IPA,FoothillsBeer,7thpublicmarket
Hot Pistol,nodabrewing,nodabrewing
Bourbon Barrel Aged White Blaze,TripleCBrew,triplecbrew
"Hop, Drop n Roll",nodabrewing,Whisky River
Smores Stout,RJRockers,Glenway Premium Pub
Rise Against Clowns,unknownbrewing,unknownbrewing
Hoppy Medium,FoothillsBeer,The Brass Tap - South End
Dunkel,oldemeckbrew,wolfgangpuck
Freak of Nature,wickedweedbeer,duckworthspark
"Hop, Drop n Roll",nodabrewing,cltairport
Bengali,sixpoint,goodbottleco
Jam Session,nodabrewing,Cabo Fish Taco
Milk Stout Nitro,LeftHandBrewing,Rush Espresso
Dunkel,oldemeckbrew,oldemeckbrew
Copper,oldemeckbrew,oldemeckbrew
Moo-Hoo Chocolate Milk Stout,TerrapinBeerCo,vbgbuptown
Snake Dog IPA,flyingdog,Pinky's Westside Grill
Grateful Dead American Beauty (2015),dogfishbeer,Banks Street Gym
Higher Math,dogfishbeer,Banks Street Gym
Decadent Dark Chocolate Ale,atwaterbeer,duckworthsuptwn
Not From Concentrate,HeistBrewery,saludnoda
Bourbon Barrel Aged Up All Night,TripleCBrew,triplecbrew
"Bob's, Pure Intentions",FreeRangeBrew,Free Range Brewing
"Walkin, Talkin, Pickin Kinda Man",FreeRangeBrew,Free Range Brewing
Ground Up Organic Coffee Stout,lennyboybrew,lennyboytea
Homeplace #2,FreeRangeBrew,Free Range Brewing
Turtles On Pterodactyls,BirdsongBrewing,nodabrewing
Good Morning Vietnam,WoodenRobotAle,Wooden Robot Brewery
Ground Up Organic Coffee Stout,lennyboybrew,lennyboytea
Cranpus,WoodenRobotAle,Wooden Robot Brewery
Grizzly Bear,SycamoreBrewing,Sycamore Brewing
Higher Ground IPA,BirdsongBrewing,The Brass Tap - South End
Clearly Confused,WoodenRobotAle,Wooden Robot Brewery
Christmas Cookie Ale,SycamoreBrewing,Sycamore Brewing
Mexicali Stout,BirdsongBrewing,thecowfishsbb
Nothing To See Here,WoodenRobotAle,Wooden Robot Brewery
Nemesis,foundersbrewing,Brawley's Beverage
Jam Session,nodabrewing,Viva Chicken
Sweet Tater Pie,WoodenRobotAle,Wooden Robot Brewery
Perpetual IPA,TroegsBeer,The Brass Tap - South End
Yule Bock,oldemeckbrew,oldemeckbrew
White Blaze,TripleCBrew,tankstap
Rise Against Clowns,unknownbrewing,unknownbrewing
Project PAM,foundersbrewing,Brawley's Beverage
White Blaze,TripleCBrew,triplecbrew
Bourbon Barrel Aged White Blaze,TripleCBrew,triplecbrew
Lil' Red Rye'dn the Hood,TripleCBrew/RJRockers,triplecbrew
Mexicali Stout,BirdsongBrewing,Boudreaux's Louisiana Kitchen
Bad Penny,bigbossbeer,roostersuptown
Nemesis (2010),foundersbrewing,Brawley's Beverage
Jam Session,nodabrewing,tankstap
Tele-porter,unknownbrewing,unknownbrewing
Sweet Tater Pie,WoodenRobotAle,Wooden Robot Brewery
Nothing To See Here,WoodenRobotAle,Wooden Robot Brewery
Coco Loco,nodabrewing,tankstap
Yule Bock,oldemeckbrew,oldemeckbrew
Battle O the Shirts,unknownbrewing,duckworthsbally
Skull Splitter,OrkneyBrewery,Twenty-Two
Hoppyum IPA,FoothillsBeer,Time Warner Cable Arena
Ramble On Red,nodabrewing,Bank of America Stadium
Pecan Brown Porter,fsbbeer,fsbbeer
Bourbon Barrel Aged White Blaze,TripleCBrew,triplecbrew
Pale Blue Ale,fsbbeer,fsbbeer
Jam Session,nodabrewing,Bank of America Stadium
Coco Loco,nodabrewing,Bank of America Stadium
Nut Roll Ale,PennBrewery,Waterstone
California Dreamin',lazylionbrewing,Lazy Lion Brewing Company
Golden Boy Blonde,TripleCBrew,The Workman's Friend
Biere De Garde,sugarcreekbrew,sugarcreekbrew
Don't Be Afraid of the Dark,FreeRangeBrew,Free Range Brewing
Homeplace #2,FreeRangeBrew,Free Range Brewing
Golden Ticket Tripel,sugarcreekbrew,sugarcreekbrew
Puppies On Penguins,BirdsongBrewing,birdsongbrewing
Southside Weiss,oldemeckbrew,oldemeckbrew
Dunkel,oldemeckbrew,oldemeckbrew
Yule Bock,oldemeckbrew,oldemeckbrew
Vehopciraptor,unknownbrewing,unknownbrewing
Shamrock Stout,fsbbeer,hobos213
Twelve,D9Brewing,duckworthsuptwn
Flagship IPA,cbrewerybeer,North Carolina / South Carolina State Line
Smoked Amber,TripleCBrew,triplecbrew
Bourbon Barrel Aged Olde Voyager (2015),nodabrewing,oldemeckbrew
Dunkel,oldemeckbrew,themeltingpot
Lazy Bird Brown Ale,BirdsongBrewing,Cabo Fish Taco
Torch Pilsner,FoothillsBeer,North Carolina / South Carolina State Line
Jam Session,nodabrewing,Whisky River
Cherry Go Lightly (Canvas Series),wickedweedbeer,Brawley's Beverage
"Hop, Drop n Roll",nodabrewing,cltairport
Dunkel,oldemeckbrew,cltairport
Global Warmer,sixpoint,Waterstone
Scythe Rye IPA,burialbeer,Kenaki Karate and Fitness Center
White Zombie Ale,catawbabeer,Towne Tavern at Fort Mill
Cherry Go Lightly (Canvas Series),wickedweedbeer,saludnoda
Puppies On Penguins,BirdsongBrewing,birdsongbrewing
Bloodline Blood Orange IPA,flyingdog,hattiesclt
Torch Pilsner,FoothillsBeer,1897 Market
Purple Prose,GrimmAles,goodbottleco
Bomb!,Prairieales,goodbottleco
Samuel Adams Dunkelweizen,SamuelAdamsBeer,Lakebridge
Hoppy Holidays,nodabrewing,nodabrewing
Traditional Lager,Yuengling_Beer,Lakebridge
Samuel Adams Boston Lager,SamuelAdamsBeer,Lakebridge
Milk Stout Nitro,LeftHandBrewing,The Lodge
Drop Dead Gordgeous,nodabrewing,nodabrewing
Higher Ground IPA,BirdsongBrewing,StrikeCity
Purple Haze,TheAbitaBeer,Whiskey Warehouse
Winter White Ale,BellsBrewery,Petra's Piano Bar
Cross Pollen-Nation,HeistBrewery,heistbrewery
Sweet Dispostion,BirdsongBrewing,birdsongbrewing
Cherry Cordial,WoodenRobotAle,Wooden Robot Brewery
Mad Elf (2015),TroegsBeer,pintville
Scratch 196 - White Ale,TroegsBeer,pintville
Scratch 195 - Double IPA,TroegsBeer,pintville
HopDevil,VictoryBeer,pintville
Freak of Nature,wickedweedbeer,La Cave De Champignons Brasserie
Head Hunter IPA,FatHeadsBeer,La Cave De Champignons Brasserie
Mosaic Promise,foundersbrewing,vbgbuptown
Harvester,GreenManBrewing,hattiesclt
"Hop, Drop n Roll",nodabrewing,cltairport
Vienna Lager,dbbrewingco,hattiesclt
Lagunitas Sucks (2015),lagunitasbeer,La Cave De Champignons Brasserie
Brnette,OrlisonBrewing,1st row
Cherry Go Lightly (Canvas Series),wickedweedbeer,goodbottleco
Brett Mon,SteelStringBrew,goodbottleco
Jam Session,nodabrewing,Lucky Lou's Tavern
"Hop, Drop n Roll",nodabrewing,Lucky Lou's Tavern
Death By Coconut,oskarblues,craftgrowler
Hoppy Holidays,nodabrewing,Elizabeth
Dirty Bastard,foundersbrewing,Lakebridge
Yule Bock,oldemeckbrew,oldemeckbrew
Copper,oldemeckbrew,oldemeckbrew
Fat Boy Baltic Porter,oldemeckbrew,oldemeckbrew
Samuel Adams Boston Lager,SamuelAdamsBeer,Lakebridge
Pernicious IPA,wickedweedbeer,vbgbuptown
Falco,EvilTwinBrewing,vbgbuptown
Captain James Jack Pilsner,oldemeckbrew,oldemeckbrew
Not Your Father's Root Beer (5.9%),smalltownbrewer,Lakebridge
Copper,oldemeckbrew,Tapas 51
Ginger WH(^e)AT?!,unknownbrewing,revalehousenoda
Copper,oldemeckbrew,customshop
Higher Ground IPA,BirdsongBrewing,vbgbuptown
Dunkel,oldemeckbrew,oldemeckbrew
Pluff Mud Porter,HolyCityBrewing,Randolph OB-GYN
Smuttlabs: Cherry Short Weisse,smuttynosebeer,The Cellar
Lagunitas Sucks (2015),lagunitasbeer,La Cave De Champignons Brasserie
Traditional Lager,Yuengling_Beer,Lakebridge
Mac Fanny Baw,AtGBrewery,The Cellar
Yule Bock,oldemeckbrew,oldemeckbrew
Huger Street Wheat IPA,palmettobrewing,Goodwill
Pecan Dream,HolyCityBrewing,grapevinewine
Bolo Coconut Brown,burialbeer,Waterstone
Champagne of the South,WoodenRobotAle,Wooden Robot Brewery
Cranpus,WoodenRobotAle,Wooden Robot Brewery
Sweet Tater Pie,WoodenRobotAle,Wooden Robot Brewery
Cherry Cordial,WoodenRobotAle,Wooden Robot Brewery
Southern Lights IPA,SycamoreBrewing,Sycamore Brewing
Cut It In Half & Dubbel It,WoodenRobotAle,Wooden Robot Brewery
What He's Having V4.0,WoodenRobotAle,Wooden Robot Brewery
Cataclysm 2,HeistBrewery,heistbrewery
Pre-Game Session Ale,unknownbrewing,Phat Burrito
Belgian Dubbel Aged In Cabernet Barrels,sugarcreekbrew,sugarcreekbrew
Dunkel,oldemeckbrew,oldemeckbrew
Yule Bock,oldemeckbrew,oldemeckbrew
Falco,EvilTwinBrewing,vbgbuptown
Clearly Confused,WoodenRobotAle,Wooden Robot Brewery
Rudolph's Red (2015),rivertownebeer,Waterstone
White Blaze,TripleCBrew,triplecbrew
Hakuna Matata,D9Brewing,Hickory Tavern
Jai Alai IPA,CigarCityBeer,Tega Cay Golf Club
Jam Session,nodabrewing,hooters
Vehopciraptor,unknownbrewing,unknownbrewing
White Ice Winter Warmer,fsbbeer,fsbbeer
Dunkel,oldemeckbrew,oldemeckbrew
Yule Bock,oldemeckbrew,oldemeckbrew
Fat Boy Baltic Porter,oldemeckbrew,oldemeckbrew
Pecan Brown Porter,fsbbeer,fsbbeer
Liquid Confidence / Confidential (Sherry Wine BA),toolbeer,unknownbrewing
Paris,breweryvivant,unknownbrewing
Silverback Stout,unknownbrewing,unknownbrewing
Medora,wickedweedbeer,Chiro Med plus
Ginger Wheat,unknownbrewing,The Workman's Friend
Jubilee Session Amber,SycamoreBrewing,Valhalla Pub & Eatery
Bear Cub Brown,SycamoreBrewing,Sycamore Brewing
Peak Farm Double Pale Ale,SycamoreBrewing,Sycamore Brewing
La Bont (with Plum),wickedweedbeer,saludnoda
"Hop, Drop n Roll",nodabrewing,Panthers Tailgating
Jalapeo Pale Ale,BirdsongBrewing,Hedrick's Purr-fect Tailgate
Heady Topper,alchemistbeer,Panthers Tailgating
Bear Naked Ale,adkbrewery,Camden Cotton Mills
Wayfarer,GreenManBrewing,City Electric Supply
"Hop, Drop n Roll",nodabrewing,Bank of America Stadium
Tele-porter,unknownbrewing,craftgrowler
"Hop, Drop n Roll",nodabrewing,Bank of America Stadium
Mistletoe,howardbrewing,craftgrowler
Pre-Game Session Ale,unknownbrewing,unknownbrewing
Jam Session,nodabrewing,Bank of America Stadium
Coco Loco,nodabrewing,Bank of America Stadium
"Hop, Drop n Roll",nodabrewing,Bank of America Stadium
Garage Warrior Supercollab,unknownbrewing,unknownbrewing
Supernaturale,db_brewing,craftgrowler
Goose IPA,GooseIsland,The WFNZ Doghouse
Firewater IPA,catawbabeer,Bank of America Stadium
Long Leaf IPA,AMBrewery,Bank of America Stadium
Coco Loco,nodabrewing,hobos213
beron,BellsBrewery,The Cellar
White Blaze,TripleCBrew,allamericanpub
Christmas Bomb (2015),Prairieales,saludnoda
Harvest Wild Hop IPA - Neomexicanus Hops (2015),SierraNevada,saludnoda
Barrel Aged Brown Ale w/ Balaton Sour Cherries,StoneBrewingCo,saludnoda
L'Brett d'Or,CrookedStave,saludnoda
Geyser Gose,2RoadsBrewing/EvilTwinBrewing,saludnoda
Thrilla' In Vanilla Porter,db_brewing,dogbarcharlotte
Mocha Java Porter,sugarcreekbrew,harristeeter
Moo-Hoo Chocolate Milk Stout,TerrapinBeerCo,macsstc
Mexicali Stout,BirdsongBrewing,macsstc
Blanco Diablo,bigbossbeer,Whiskey Warehouse
Green Bullet,GreenFlashBeer,duckworthsuptwn
Milk & Cookies,wickedweedbeer,goodbottleco
Hoppyum IPA,FoothillsBeer,Admirals Club
Tesseract,GrimmAles,goodbottleco
Snow Flurry,motherearthbrew,growlersph
Funky Gold Mosaic,Prairieales,goodbottleco
Napoleon Complex IPA,wickedweedbeer,vbgbuptown
White Blaze (2015),TripleCBrew,Old Stone Steakhouse
Tin Cup Yirgacheffe Stout,burialbeer,saludnoda
Jam Session,nodabrewing,snugrock
Drop Dead Gordgeous,nodabrewing,duckworthsbally
Mine & Yours,nodabrewing/newbelgium,duckworthsbally
Breakfast Stout,foundersbrewing,duckworthsbally
Cranpus,WoodenRobotAle,Wooden Robot Brewery
Grandfather's Breakfast Stout,BRBrewingCo,duckworthsbally
Shakedown Imperial Chocolate Cherry Stout,starrhill,duckworthsbally
Hercules Double IPA (2015),greatdividebrew,vbgbuptown
Xocoveza For The Holidays & The New Year,StoneBrewingCo,duckworthsbally
Dunkel,oldemeckbrew,Sports Connection
Par 4,nodabrewing,goodbottleco
Tesseract,GrimmAles,goodbottleco
Road To Nowhere Porter,TripleCBrew,triplecbrew
Death By Coconut (2015),oskarblues,goodbottleco
Christmas Ale,BellsBrewery,duckworthspark
Cottonwood Frostbite,FoothillsBeer,draughtclt
Rhinestone Jumpsuit,SycamoreBrewing,Queen City Beer & Chili
Delirium Nol,Deliriumbrewery,Wine Bar at Harris Teeter
Golden Ticket Tripel,sugarcreekbrew,sugarcreekbrew
Hakuna Matata,D9Brewing,mmmyerspark
Hoppy Medium,FoothillsBeer,mmmyerspark
Tropiclia,creaturebeer,Campground Brewery
Cloudbusting,GrimmAles,saludnoda
Milk & Cookies,wickedweedbeer,La Cave De Champignons Brasserie
Lagunitas Sucks (2015),lagunitasbeer,La Cave De Champignons Brasserie
Jai Alai IPA,CigarCityBeer,La Cave De Champignons Brasserie
Choklat (2015),stbcbeer,grapevinewine
Freedom Park Pale,LegionBrewing,Legion Brewery
Deep Dive,Boulevard_Beer,grapevinewine
Blizzard of Hops,TroegsBeer,pintville
Tall Tale,AtGBrewery,The Cellar
Coco Loco,nodabrewing,almikestavern
Pale Ale,sugarcreekbrew,almikestavern
Moo-Hoo Chocolate Milk Stout (2014),TerrapinBeerCo,tmacrestaurants
Dugans Chocolate,CheckSixBeer,The Beer Growler
Par 4,nodabrewing,nodabrewing
Juicy J,LegionBrewing,Legion Brewery
Wittastic Wit,LegionBrewing,Legion Brewery
Saison And Pepper,LegionBrewing,Legion Brewery
Blackberry Barleywine,newbelgium,goodbottleco
Juicy J,LegionBrewing,Legion Brewery
Captain Peanut Butter's Chocolate Revenge,nodabrewing,nodabrewing
Silverback Stout,unknownbrewing,unknownbrewing
Saison,sugarcreekbrew,sugarcreekbrew
Porter,sugarcreekbrew,sugarcreekbrew
Belgian Dubbel Aged In Cabernet Barrels,sugarcreekbrew,sugarcreekbrew
Golden Ticket Tripel,sugarcreekbrew,sugarcreekbrew
Saison And Pepper,LegionBrewing,Legion Brewery
Cran-bizzle,LegionBrewing,Legion Brewery
Neon Gypsy,DuClawBrewing,fishmarket990
Dunkel,oldemeckbrew,oldemeckbrew
Threepy Oh,WoodenRobotAle,Wooden Robot Brewery
Jam Session,nodabrewing,bangbangburgers
Lazy Bird Brown Ale,BirdsongBrewing,Beef & Bottle Restaurant
Lagunitas Sucks (2015),lagunitasbeer,La Cave De Champignons Brasserie
Ruination Double IPA 2.0,StoneBrewingCo,La Cave De Champignons Brasserie
Homeplace #2,FreeRangeBrew,Free Range Brewing
Traditional Lager,Yuengling_Beer,Dish
Ruination Double IPA 2.0,StoneBrewingCo,La Cave De Champignons Brasserie
Crme Brle,stbcbeer,commonmarket
Project PAM,foundersbrewing,southernspiritz
Spectra Trifecta,foundersbrewing,southernspiritz
Black Watch,highlandbrews,craftgrowler
Cinnamon Rolld Wake-n-Bake,TerrapinBeerCo,Waterstone
Samuel Adams Winter Lager,SamuelAdamsBeer,dilworthng
Grizzly Bear Foreign Extra Stout,SycamoreBrewing,Sycamore Brewing
Higher Ground IPA,BirdsongBrewing,cajunqueenclt
Dirty Little Freak,DuClawBrewing,Liquor At The Lake
Lagunitas Sucks (2015),lagunitasbeer,La Cave De Champignons Brasserie
Ruination Double IPA 2.0,StoneBrewingCo,La Cave De Champignons Brasserie
Higher Ground IPA,BirdsongBrewing,cajunqueenclt
California Dreamin',lazylionbrewing,Lazy Lion Brewing Company
Delirium Argentum,Deliriumbrewery,Rhino Market and Deli
Hoppy Holidays,nodabrewing,duckworthsbally
Copper,oldemeckbrew,hmshost
Firewater IPA,catawbabeer,hmshost
New Dogtown Pale Ale,lagunitasbeer,kickstandclt
"Hop, Drop n Roll",nodabrewing,hmshost
For Pete's Sake!,DuClawBrewing,hobos213
Fat Boy Baltic Porter,oldemeckbrew,oldemeckbrew
Porter,sugarcreekbrew,Brixx Wood Fired Pizza
Red Oak Amber Lager,redoakbrew,Brixx Wood Fired Pizza
Hyve Organic Honey Ale,UintaBrewing,1st row
Pale Ale,sugarcreekbrew,Time Warner Cable Arena
Jam Session,nodabrewing,Time Warner Cable Arena
Nitro Oatmeal Stout,foundersbrewing,theliberty
Daisy Chain,LegionBrewing,Legion Brewery
Sorry Not Sorry IPA,StoneBrewingCo/4handsbrewery,theliberty
For Pete's Sake!,DuClawBrewing,hobos213
VCA,lazylionbrewing,Lazy Lion Brewing Company
Wake-n-Bake Coffee Oatmeal Imperial Stout,TerrapinBeerCo,duckworthspark
Napoleon Complex IPA,wickedweedbeer,duckworthspark
Jam Session,nodabrewing,Whisky River
Victory at Sea,bpbrewing,duckworthspark
Hoppy Holidays,nodabrewing,duckworthsuptwn
Jam Session,nodabrewing,hmshost
Pale Ale,sugarcreekbrew,cheesecake
Monumental  IPA,PortCityBrew,cheesecake
Square Deal,PolymathBrewing,Gate C18
Tele-porter,unknownbrewing,redclaycider
Sriracha Stout,rogueales,Southampton Commons Pool
"Hop, Drop n Roll",nodabrewing,cltairport
Pernicious IPA,wickedweedbeer,Siemens Energy
Pernicious IPA,wickedweedbeer,The Ladycave
Dogpatch Sour,AlmanacBeer,Jim's house of Cosmos!
Maple Syrup Ale,lazylionbrewing,Lazy Lion Brewing Company
Hibiscus Gose,Boulevard_Beer,La Cave De Champignons Brasserie
Silencio (Canvas Series),wickedweedbeer,Corn field
Ruination Double IPA 2.0,StoneBrewingCo,La Cave De Champignons Brasserie
Dunkel,oldemeckbrew,mcandschmicks
Freak of Nature,wickedweedbeer,The Danger Zone
Citra Session IPA,GreenFlashBeer,commonmarket
Blazing World,ModernTimesBeer,York/Lancaster County Line
CAVU,nodabrewing,nodabrewing
Par 4,nodabrewing,nodabrewing
Call Me Mel,FreeRangeBrew,Free Range Brewing
Lazy Bird Brown Ale,BirdsongBrewing,birdsongbrewing
Greenway IPA,TripleCBrew,bwwings
Higher Ground IPA,BirdsongBrewing,hooligansclt
Captain James Jack Pilsner,oldemeckbrew,oldemeckbrew
Captain Peanut Butter's Chocolate Revenge,nodabrewing,nodabrewing
Cran-bizzle,LegionBrewing,Legion Brewery
Freedom Park Pale,LegionBrewing,Legion Brewery
Road To Nowhere Porter,TripleCBrew,triplecbrew
Killing Me Softly,WoodenRobotAle,Wooden Robot Brewery
Good Morning Vietnam,WoodenRobotAle,Wooden Robot Brewery
San Diego Tango,HeistBrewery,heistbrewery
Juicy J,LegionBrewing,Legion Brewery
Longboard Island Lager,KonaBrewingCo,theginmill
Fat Boy Baltic Porter,oldemeckbrew,oldemeckbrew
Zlat Pivo,lazylionbrewing,Lazy Lion Brewing Company
Brew Free! or Die IPA,21stAmendment,duckworthsuptwn
Saluda 'Wet Hop' Dubbel,questbrewing,duckworthsuptwn
Jam Session,nodabrewing,dilworthng
Porter,sugarcreekbrew,sugarcreekbrew
Blizzard of Hops,TroegsBeer,duckworthsuptwn
Tele-porter,unknownbrewing,unknownbrewing
Higher Ground IPA,BirdsongBrewing,Providence Road Sundries
Two Hearted Ale,BellsBrewery,Providence Road Sundries
Vehopciraptor,unknownbrewing,unknownbrewing
Countryside IPA,SycamoreBrewing,Sycamore Brewing
Saison And Pepper,LegionBrewing,Legion Brewery
Smoked Amber,TripleCBrew,triplecbrew
Call Me Mel,FreeRangeBrew,Free Range Brewing
Cream Of The Crop,FreeRangeBrew,Free Range Brewing
Don't Be Afraid of the Dark,FreeRangeBrew,Free Range Brewing
"Bob's, Pure Intentions",FreeRangeBrew,Free Range Brewing
"Bob's, Pure Intentions",FreeRangeBrew,Free Range Brewing
Gold Leaf Lager,dbbrewingco,Benny Pennello's Pizza
Killing Me Softly,WoodenRobotAle,Wooden Robot Brewery
Liquid Bliss,TerrapinBeerCo,edstavernclt
White Blaze,TripleCBrew,American Roadside Burgers
Bonehead Brown IPA,aviatorbrew,craftgrowler
"Hop, Drop n Roll",nodabrewing,cltairport
Freak of Nature,wickedweedbeer,duckworthsbally
Tyranny Red IPA,wickedweedbeer,thecowfishsbb
Choklat,stbcbeer,duckworthsbally
Midnight Raspberry Wheat,BRBrewingCo,craftgrowler
Monkey King,NewHollandBrew,craftgrowler
"Hop, Drop n Roll",nodabrewing,Brixx Wood Fired Pizza
Sensi (2015),sixpoint,craftgrowler
Tropical Fruit Golden Strong,HiWireBrewing,craftgrowler
Higher Ground IPA,BirdsongBrewing,Brixx Wood Fired Pizza
Black Tuesday Reserve (2015),thebruery,saludnoda
Tyranny Red IPA,wickedweedbeer,thecowfishsbb
Big Bad Baptist (2015),EpicBrewing,Brawley's Beverage
Freak of Nature,wickedweedbeer,Brawley's Beverage
Big Bad Baptist (Release #63),EpicBrewing,Brawley's Beverage
System Of A Stout,BeachwoodBBQ_LB,saludnoda
Bees With A Buzz,GrimmAles,saludnoda
Milk & Cookies,wickedweedbeer,duckworthspark
Rabbit Eye,fullsteam,goodbottleco
Hand Shake IPA,GreenFlashBeer,goodbottleco
Southside Weiss,oldemeckbrew,oldemeckbrew
"Hop, Drop n Roll",nodabrewing,"Merck - Ballantyne, NC Office"
Ramble On Red,nodabrewing,pantherdan
Coco Loco,nodabrewing,draughtclt
"Hop, Drop n Roll",nodabrewing,French Quarter
Higher Ground IPA,BirdsongBrewing,French Quarter
Dunkel,oldemeckbrew,cowbellburger
Jalapeo Pale Ale,BirdsongBrewing,cowbellburger
Goose IPA,GooseIsland,Bank of America Stadium
Blonde,AMBrewery,Bank of America Stadium
Ginger Big Eye IPA,bpbrewing,grapevinewine
"Hop, Drop n Roll",nodabrewing,mmcltuptown
Porter,AMBrewery,Bank of America Stadium
"Hop, Drop n Roll",nodabrewing,mmcltuptown
Cottonwood Frostbite (2015),FoothillsBeer,La Cave De Champignons Brasserie
Lagunitas Sucks,lagunitasbeer,La Cave De Champignons Brasserie
Cranpus,WoodenRobotAle,Wooden Robot Brewery
Jalapeo Pale Ale,BirdsongBrewing,birdsongbrewing
Grapefruit Sculpin,bpbrewing,La Cave De Champignons Brasserie
Delirium Nol (2015),Deliriumbrewery,1st row
Sweet Tater Pie,WoodenRobotAle,Wooden Robot Brewery
Grapefruit Sculpin,bpbrewing,La Cave De Champignons Brasserie
Lagunitas Sucks,lagunitasbeer,La Cave De Champignons Brasserie
Dustin's Fancy,FreeRangeBrew,Free Range Brewing
Shakedown Imperial Chocolate Cherry Stout,starrhill,duckworthsuptwn
Black Jack Porter,LeftHandBrewing,duckworthsuptwn
"Hop, Drop n Roll",nodabrewing,cltairport
Copper,oldemeckbrew,Gate B6
Coco Loco,nodabrewing,Concourse B
Samuel Adams Harvest Pumpkin Ale,SamuelAdamsBeer,Lakebridge
Samuel Adams Winter Lager,SamuelAdamsBeer,Lakebridge
Daisy Chain,LegionBrewing,Legion Brewery
Hop Ranch,VictoryBeer,grapevinewine
White IPA,BlueMoonBrewCo,Lakebridge
Black Mocha Stout,highlandbrews,roostersuptown
James Bean (2015),allagashbrewing,saludnoda
James Bean,allagashbrewing,saludnoda
Captain James Jack Pilsner,oldemeckbrew,blumenthalarts
Caribbean Chocolate Cake,sirencraftbrew/CigarCityBeer,Waterstone
Freak of Nature,wickedweedbeer,La Cave De Champignons Brasserie
Devil's Milk,DuClawBrewing,duckworthsuptwn
Raja Double IPA,AveryBrewingCo,growlersph
Ruination Double IPA 2.0,StoneBrewingCo,La Cave De Champignons Brasserie
HopNaughty,saltynutbrewery,T&T's House Of Waffles & Pain Part Deux
Raleigh Wood,RaleighBrewing,T&T's House Of Waffles & Pain Part Deux
Shadowclock Pilsner,burialbeer,T&T's House Of Waffles & Pain Part Deux
Hoppy Holidays,nodabrewing,Meadowview
Blood Orange Gose,avbc,Bulldog Beer & Wine - Southend
Jai Alai IPA,CigarCityBeer,Lingering Taproom
Tyranny Red IPA,wickedweedbeer,thecowfishsbb
Retainer Red Rye IPA,LegalRemedyBrew,Baxter Community Center
Higher Ground IPA,BirdsongBrewing,birdsongbrewing
Yoshimi Vitamins,BirdsongBrewing,birdsongbrewing
Cran-bizzle,LegionBrewing,Legion Brewery
Juicy J,LegionBrewing,Legion Brewery
Cold Crash,nodabrewing,The Beer Growler
Kolsch,NewgrassBrewing,The Beer Growler
Southside Weiss,oldemeckbrew,oldemeckbrew
Dunkel,oldemeckbrew,oldemeckbrew
Freedom Park Pale,LegionBrewing,Legion Brewery
Free Will Pale Ale,BirdsongBrewing,birdsongbrewing
Carolina Sparkle Party,LegionBrewing,Legion Brewery
Mad Elf,TroegsBeer,The Brass Tap - South End
Turtleneck (Side Project Volume 24),TerrapinBeerCo,Waterstone
Hoppy Holidays,nodabrewing,midwoodbbq
Juicy J,LegionBrewing,Legion Brewery
Copper,oldemeckbrew,oldemeckbrew
"Hop, Drop n Roll",nodabrewing,midwoodbbq
Moo-Hoo Chocolate Milk Stout,TerrapinBeerCo,duckworthspark
Saison And Pepper,LegionBrewing,Legion Brewery
Mexicali Stout,BirdsongBrewing,duckworthspark
Kolsch,NewgrassBrewing,The Beer Growler
Southside Weiss,oldemeckbrew,oldemeckbrew
Grateful,FreeRangeBrew,Free Range Brewing
Don't Be Afraid of the Dark,FreeRangeBrew,Free Range Brewing
Blackberry Barleywine (Lips of Faith),newbelgium,The Brass Tap - South End
Bourbon Barrel Aged Up All Night,TripleCBrew,craftgrowler
Snow Flurry,motherearthbrew,craftgrowler
What He's Having V2.0,WoodenRobotAle,Wooden Robot Brewery
What He's Having V5.0,WoodenRobotAle,Wooden Robot Brewery
Cran-bizzle,LegionBrewing,Legion Brewery
Don't Be Afraid of the Dark,FreeRangeBrew,Free Range Brewing
Grand Optimist,HeistBrewery,heistbrewery
Captain Peanut Butter's Chocolate Revenge,nodabrewing,nodabrewing
Hoppy Ki Yay,loneriderbeer,theqclt
Juicy J,LegionBrewing,Legion Brewery
Cottonwood Frostbite,FoothillsBeer,dilworthng
Cinnamon Roll'd Wake-N-Bake (2015),TerrapinBeerCo,pintcentral
Stone Enjoy By 12.25.15 IPA,StoneBrewingCo,vbgbuptown
Freedom Park Pale,LegionBrewing,Legion Brewery
White Blaze,TripleCBrew,saborlatinst
Moo-Hoo Chocolate Milk Stout,TerrapinBeerCo,Sammy's Neighborhood Pub
Big Chocolate Porter,BRBrewingCo,Sammy's Neighborhood Pub
"Walkin, Talkin, Pickin Kinda Man",FreeRangeBrew,Free Range Brewing
"""Gose-uh"" the Gozerian",unknownbrewing,unknownbrewing
Grateful,FreeRangeBrew,Free Range Brewing
Hiver Joie,wickedweedbeer,Rea Road Nursery.
Pernicious IPA,wickedweedbeer,edstavernclt
Puppies On Penguins (2015),BirdsongBrewing,edstavernclt
South Mountain Cream Stout,SycamoreBrewing,Sycamore Brewing
Bear Cub Brown,SycamoreBrewing,Sycamore Brewing
Coffee Milk Stout,StoneBrewingCo,Bradshaw Social House
"Bob's, Pure Intentions",FreeRangeBrew,Free Range Brewing
Breakfast Stout,foundersbrewing,Waterstone
Jam Session,nodabrewing,Bank of America Stadium
Burn Down For What,lennyboybrew,pintville
Samuel Adams Winter Lager,SamuelAdamsBeer,Bad Daddy's
Black Chocolate Stout,brooklynbrewery,hobos213
Global Warmer,sixpoint,goodbottleco
"Hop, Drop n Roll",nodabrewing,Bank of America Stadium
Bifrst Winter Ale,ElysianBrewing,Waterstone
For Pete's Sake!,DuClawBrewing,hobos213
Devil's Britches,highlandbrews,goodbottleco
Hakuna Matata,D9Brewing,Buffalo Wings & Rings
Muscadine White Ale,sugarcreekbrew,sugarcreekbrew
Belgian Dubbel Aged In Cabernet Barrels,sugarcreekbrew,sugarcreekbrew
Lincoln's Gift,serviceBrewing,discoveryplace
Smuttlabs: Cherry Short Weisse,smuttynosebeer,The Cellar
Belgian Dubbel Aged In Cabernet Barrels,sugarcreekbrew,sugarcreekbrew
Pale Ale,sugarcreekbrew,sugarcreekbrew
Barrel-Aged Blackout Stout,GLBC_Cleveland,The Cellar
Shotgun Betty,loneriderbeer,Elevation Rock Hill
Wild Turkey Bourbon Barrel Stout,avbc,growlersph
"Hop, Drop n Roll",nodabrewing,cltairport
Milk Stout Nitro,LeftHandBrewing,growlersph
Cherry Stout,BellsBrewery,growlersph
Grapefruit Sculpin,bpbrewing,La Cave De Champignons Brasserie
Breakfast Stout,foundersbrewing,growlersph
Coco Loco,nodabrewing,upstagenoda
Dos Equis Amber,cuamocmx,A Piece of Havana
Lagunitas Sucks,lagunitasbeer,La Cave De Champignons Brasserie
Big Operator,bigbossbeer,tmacrestaurants
Hoppyum IPA,FoothillsBeer,usairwaysnews
"Hop, Drop n Roll",nodabrewing,1897 Market
Hoppalachia IPA,gfbrewery,BONZ
Finnish Line,saludnoda,saludnoda
Pale Ale,SierraNevada,goodbottleco
Honey Badger,AMBrewery,BONZ
Hop Hunter IPA,SierraNevada,La Cave De Champignons Brasserie
Higher Ground IPA,BirdsongBrewing,dilworthng
DoppelSticky,lagunitasbeer,Foxcroft Wine Co.
Cold Crash,nodabrewing,nodabrewing
N Nse Gse,AMBrewery,goodbottleco
Cuve Freddy,AlvinneBeershop,saludnoda
Miles Davis' Bitches Brew,dogfishbeer,saludnoda
Golden Brett,allagashbrewing,saludnoda
Nancy,allagashbrewing,goodbottleco
Grapefruit Sculpin,bpbrewing,pintville
Blizzard of Hops (2015),TroegsBeer,Sammy's Neighborhood Pub
Pernicious IPA,wickedweedbeer,String Bean Fresh Market and Deli
Maple Canyon,LegionBrewing,Legion Brewery
Daisy Chain,LegionBrewing,Legion Brewery
Vienna Lager,SierraNevada,Sammy's Neighborhood Pub
Java Stout (2015),BellsBrewery,craftgrowler
Nancy,allagashbrewing,goodbottleco
Breakfast Stout,foundersbrewing,Waterstone
Golden Brett,allagashbrewing,goodbottleco
Cherry Go Lightly (Canvas Series),wickedweedbeer,goodbottleco
South Mountain Cream Stout,SycamoreBrewing,Sycamore Brewing
Pecan Brown Porter,fsbbeer,fsbbeer
Threepy Oh,WoodenRobotAle,Wooden Robot Brewery
What He's Having IPA,WoodenRobotAle,Wooden Robot Brewery
Squirreled,LegionBrewing,Legion Brewery
Maple Canyon,LegionBrewing,Legion Brewery
Jam Session,nodabrewing,The Pizza Peel and Tap Room
Cherry Go Round,LegionBrewing,Legion Brewery
Shotgun Betty,loneriderbeer,piedmontsocial
Brown Shugga',lagunitasbeer,vbgbuptown
Cranberry,cascadebrewing,Spectrum South End Apartments
Thrilla' In Vanilla Porter,db_brewing,vbgbuptown
Coffee Stout,SierraNevada,vbgbuptown
Sweet Baby Jesus!,DuClawBrewing,1st row
Finnish Line,saludnoda,saludnoda
Voorhamer Imperial Stout,burialbeer,saludnoda
What He's Having IPA,WoodenRobotAle,vbgbuptown
Firewater IPA,catawbabeer,cnnpolitics
Ghost Scout,unknownbrewing,fillmorenc
This 'Lil Stout of Mine,FreeRangeBrew,Free Range Brewing
My Baby Does the Hanky Panky,FreeRangeBrew,Free Range Brewing
Don't Be Afraid of the Dark,FreeRangeBrew,Free Range Brewing
Johnny On the Spot,FreeRangeBrew,Free Range Brewing
Squirreled,LegionBrewing,Legion Brewery
Captain James Jack Pilsner,oldemeckbrew,Riviera
Love Child No. 4,Boulevard_Beer,Waterstone
Beer Camp Tropical IPA,SierraNevada,La Cave De Champignons Brasserie
Juicy J,LegionBrewing,Legion Brewery
Black Oat,LegionBrewing,Legion Brewery
Squirreled,LegionBrewing,Legion Brewery
Cold Crash,nodabrewing,Davidson Street Public House
Love Child No. 5,Boulevard_Beer,Waterstone
Golden Boy Blonde,TripleCBrew,triplecbrew
GUBNA Imperial IPA,oskarblues,La Cave De Champignons Brasserie
Sweet Baby Jesus!,DuClawBrewing,fillmorenc
Double Stout,GreenFlashBeer,fillmorenc
Coco Loco,nodabrewing,fillmorenc
Carolina Sparkle Party,LegionBrewing,Legion Brewery
Cherry Go Round,LegionBrewing,Legion Brewery
Ghost Scout,unknownbrewing,fillmorenc
Zlat Pivo,lazylionbrewing,Lazy Lion Brewing Company
"Walkin, Talkin, Pickin Kinda Man",FreeRangeBrew,Free Range Brewing
Jai Alai IPA,CigarCityBeer,La Cave De Champignons Brasserie
Napoleon Complex,wickedweedbeer,vbgbuptown
Brettaberry (Terra Locale Series),wickedweedbeer,Twenty-Two
Scarlet Harlot Irish Red,SycamoreBrewing,fillmorenc
Coco Loco,nodabrewing,fillmorenc
Breakfast Stout,foundersbrewing,fillmorenc
Threepy Oh,WoodenRobotAle,Wooden Robot Brewery
Funky Gold Medina,WoodenRobotAle,Wooden Robot Brewery
Cranpus,WoodenRobotAle,Wooden Robot Brewery
Mongo Double IPA,lostabbey,Ashley Square Apartments
High Stepper,crookedcan,Ashley Square Apartments
Spciale Hoppy Blonde Ale,allagashbrewing,The Cellar
Toasted Lager,BluePointBrewer,dandelionmkt
Jalapeo Pale Ale,BirdsongBrewing,Valhalla Pub & Eatery
Bourbon Barrel Aged White Blaze,TripleCBrew,triplecbrew
Torch Pilsner,FoothillsBeer,duckworthsbally
Samuel Adams Cream Stout,SamuelAdamsBeer,Lakebridge
Freedom Park Pale,LegionBrewing,Legion Brewery
Juicy J,LegionBrewing,Legion Brewery
Cherry Go Round,LegionBrewing,Legion Brewery
Daisy Chain,LegionBrewing,Legion Brewery
Carolina Sparkle Party,LegionBrewing,Legion Brewery
Squirreled,LegionBrewing,Legion Brewery
Moneytree$,stillwaterales,saludnoda
Stochasticity Project: Grainiac,StoneBrewingCo,saludnoda
Jam Session,nodabrewing,wildwingcafe
White,allagashbrewing,macssbv
Goose IPA,GooseIsland,macssbv
Blonde,AMBrewery,Spectrum South End Apartments
Golden Monkey,VictoryBeer,Spectrum South End Apartments
Blizzard of Hops (2015),TroegsBeer,commonmarket
Jade IPA,FoothillsBeer,tankstap
Beer Camp Tropical IPA,SierraNevada,La Cave De Champignons Brasserie
Ten Pin Porter!,skabrewing,La Cave De Champignons Brasserie
Traditional Lager,Yuengling_Beer,TRIO Restaurant
Silverback Stout,unknownbrewing,unknownbrewing
For Pete's Sake!,DuClawBrewing,commonmarket
Black Ice Imperial Black Ale,D9Brewing,duckworthsuptwn
Fluxus (2015),allagashbrewing,duckworthsuptwn
Cold Crash,nodabrewing,soul_gastro
Milk Stout,DuckRabbitBrew,Bakersfield
Caramel Quadrupel,FourSaintsBrew,craftgrowler
Honey Pie Double IPA,BirdsongBrewing,birdsongbrewing
Honey Pie Double IPA,BirdsongBrewing,birdsongbrewing
Sour Darkly,WoodenRobotAle,Wooden Robot Brewery
Sour Darkly,WoodenRobotAle,Wooden Robot Brewery
White Zombie Ale,catawbabeer,jimnnicks
Threepy Oh,WoodenRobotAle,Wooden Robot Brewery
Honey Pie Double IPA,BirdsongBrewing,birdsongbrewing
Sour Beer-B-Q,LookoutBrewing,The Brass Tap - South End
Bed Of Nails Brown,HiWireBrewing,Empire Pizza
Pepperspray Porter,hetuiltje,saludnoda
Special Double Cream Stout,BellsBrewery,Bulldog Beer & Wine
Beer Camp Tropical IPA,SierraNevada,wildwingcafe
Windy Wisteria,fsbbeer,fsbbeer
Habanero Sculpin,bpbrewing,Bulldog Beer & Wine
Samuel Adams Rebel IPA,SamuelAdamsBeer,ocharleys
Torpedo Extra IPA,SierraNevada,Spectrum South End Apartments
Jade IPA,FoothillsBeer,Sammy's Neighborhood Pub
Miss Fitz,bigbossbeer,craftgrowler
NxS IPA,StoneBrewingCo/SierraNevada,Brawley's Beverage
Cocoa Loco,ArcadiaAles,nodabrewing
Breakfast Stout (2013),foundersbrewing,La Cave De Champignons Brasserie
People's Porter,FoothillsBeer,La Cave De Champignons Brasserie
Crime (2015),LiquidArrogance,fsbbeer
Squirreled,LegionBrewing,Legion Brewery
Whiskey Sour Weisse Weisse Baby,westbrookbeer,fsbbeer
Mexicali Stout,BirdsongBrewing,Jackalope Jack's
Pugsley Signature Series: Smashed Blueberry,shipyardbrewing,fsbbeer
Southern Pecan,LazyMagnolia,fsbbeer
Last Snow,FunkyBuddhaBrew,fsbbeer
"Hop, Drop n Roll",nodabrewing,cltairport
Southern Pecan,LazyMagnolia,fsbbeer
Fisticuffs,westbrookbeer,fsbbeer
"Hop, Drop n Roll",nodabrewing,hmshost
Ragnarok,draailaag,fsbbeer
Mission Gose,EvilTwinBrewing,fsbbeer
Last Snow (2015),FunkyBuddhaBrew,fsbbeer
Backwoods Bastard,foundersbrewing,La Cave De Champignons Brasserie
Peak Farm Double Pale Ale,SycamoreBrewing,craftgrowler
Dunkel,oldemeckbrew,oldemeckbrew
Brunch Junkie,HeistBrewery,heistbrewery
Brettaberry (Terra Locale Series),wickedweedbeer,craftgrowler
Six Impossible Things,mysterybrewing,craftgrowler
C.R.E.A.M. Donut Infused Cappucino Milk Stout,AMBrewery,craftgrowler
Brettaberry (Terra Locale Series),wickedweedbeer,craftgrowler
Newlin's Original Belgian Oatmeal Pale,hawriverales,craftgrowler
Peoples Porter (Pappy Van Winkle Barrel Aged),FoothillsBeer,craftgrowler
Fat Boy Baltic Porter,oldemeckbrew,oldemeckbrew
Black Lamb - Aged In Wine Barrels,GibbsHundred,craftgrowler
Simtra Triple IPA (2015),kneedeepbrewing,pintville
Graphite Porter,fsbbeer,fsbbeer
Pecan Brown Porter,fsbbeer,fsbbeer
White Ice Winter Warmer,fsbbeer,fsbbeer
Crimson Amber,fsbbeer,fsbbeer
Light Gold Ale,fsbbeer,fsbbeer
Windy Wisteria,fsbbeer,fsbbeer
Johnny Rico Red IPA,lennyboybrew,macssbv
Beer Camp Tropical IPA (2016),SierraNevada,macssbv
Torpedo Extra IPA,SierraNevada,Brixx Wood Fired Pizza
"Hop, Drop n Roll",nodabrewing,Brixx Wood Fired Pizza
Bitter Oats,lagunitasbeer,saludnoda
Dark Offerings,dbbrewingco,theqclt
Rose De La Familia,HeistBrewery,heistbrewery
Juicy J,LegionBrewing,Legion Brewery
Freedom Park Pale,LegionBrewing,Legion Brewery
Jam Session,nodabrewing,Time Warner Cable Arena
Par 4,nodabrewing,nodabrewing
"Hop, Drop n Roll",nodabrewing,nodabrewing
Higher Ground IPA,BirdsongBrewing,The Workman's Friend
"Hop, Drop n Roll",nodabrewing,TAILGATE TIME
Brown Ryed Girl,unknownbrewing,Hedrick's Purr-fect Tailgate
"Hop, Drop n Roll",nodabrewing,Bank of America Stadium
Beer Camp Tropical IPA (2016),SierraNevada,craftgrowler
"Hop, Drop n Roll",nodabrewing,Bank of America Stadium
Porter,AMBrewery,Bank of America Stadium
JoCo White Winter,deepriverbruin,craftgrowler
Retribution,DuClawBrewing,Banks Street Gym
Jam Session,nodabrewing,Bank of America Stadium
Squirreled,LegionBrewing,Legion Brewery
Westoek XXXX Quadrupel,struise,Campground Brewery
Blonde,AMBrewery,Bank of America Stadium
C.R.E.A.M. Donut Infused Cappucino Milk Stout,AMBrewery,craftgrowler
Polka King Porter,DoCoBrewingCo,Fort Mill Golf Club
Zest-A-Peel,TripleCBrew,vbgbuptown
Cottonwood Frostbite,FoothillsBeer,edstavernclt
Torch Pilsner,FoothillsBeer,1897 Market
Blackboard Series: Agave IPA w/ Grapefruit,VictoryBeer,Waterstone
Seven Summits,dbbrewingco/wickedweedbeer,Waterstone
Soul Style,GreenFlashBeer,La Cave De Champignons Brasserie
"Hop, Drop n Roll",nodabrewing,Uptown Bar & Lounge
Saranac S'more Porter,saranacbrewery,theqclt
Nepoleon Complex,wickedweedbeer,goodbottleco
Coco Loco,nodabrewing,The Pizza Peel and Tap Room
Bourbon Barrel Aged Up All Night,TripleCBrew,goodbottleco
Bourbon Barrel Aged Up All Night,TripleCBrew,triplecbrew
Silverback Stout,unknownbrewing,The Pizza Peel and Tap Room
Ground Up Organic Coffee Stout,lennyboybrew,macsstc
Love Ninja (2016),ashevillebrewin,goodbottleco
Hop of the Month - January 2016 (Wakatu),FoothillsBeer,goodbottleco
Bourbon Barrel Aged Up All Night,TripleCBrew,goodbottleco
Vital IPA,VictoryBeer,hattiesclt
Session IPL,dbbrewingco/nodabrewing,Highland Mills Lofts
Rosetta,BreweryOmmegang,duckworthspark
Citradelic IPA,newbelgium,duckworthspark
Higher Ground IPA,BirdsongBrewing,Hickory Tavern
Greenway IPA,TripleCBrew,triplecbrew
Higher Ground IPA,BirdsongBrewing,macssbv
Harpoon Czernobog,harpoonbrewery,commonmarket
Cold Crash,nodabrewing,macssbv
Coco Loco,nodabrewing,Waterstone
Zlat Pivo,lazylionbrewing,Lazy Lion Brewing Company
Rodenbach Caractre Rouge,rodenbachbeer,Spectrum South End Apartments
Best Damn Root Beer,bestdamnbrewing,Spectrum South End Apartments
Best Damn Root Beer,bestdamnbrewing,Spectrum South End Apartments
Nitro IPA,GuinnessIreland,riracharlotte
Double Pacific-Style Ale,dbbrewingco/thunderroadbrew,goodbottleco
Grapefruit Sculpin,bpbrewing,La Cave De Champignons Brasserie
Beer Camp Tropical IPA (2016),SierraNevada,La Cave De Champignons Brasserie
Double Pacific-Style Ale,dbbrewingco/thunderroadbrew,saludnoda
Copper,oldemeckbrew,cltairport
Jade IPA,FoothillsBeer,commonmarket
Simtra Triple IPA (2015),kneedeepbrewing,pintville
Fields of Flannel,unknownbrewing,unknownbrewing
Two Hearted Ale,BellsBrewery,Pearlz
Beer Camp Hoppy Lager (2015),SierraNevada,Rhino Market and Deli
HopBack Amber Ale,TroegsBeer,Chantilly Park
Bud Light Lime,AnheuserBusch,Microtel Inn
Firewater IPA,catawbabeer,Lakebridge
Pluff Mud Porter,HolyCityBrewing,Lakebridge
Piercing Pils,dogfishbeer,Lakebridge
Liquid Bliss,TerrapinBeerCo,The Pizza Peel and Tap Room
Fille de Ferme (Canvas Series),wickedweedbeer,Waterstone
Kujo Imperial Coffee Stout,flyingdog,Waterstone
West Coast IPA (2015),GreenFlashBeer,draughtclt
Cherry Stout,atwaterbeer,saludnoda
Wake Up Porter,BirdsongBrewing,The Lodge
Bourbon Barrel Aged Mecktoberfest,oldemeckbrew,oldemeckbrew
CAVU,nodabrewing,Riviera
Grizzly Bear,SycamoreBrewing,Sycamore Brewing
Bourbon Barrel Aged Mecktoberfest,oldemeckbrew,oldemeckbrew
Banana Split Chocolate Stout,ThomasCreekBeer,hattiesclt
Bear Cub Brown,SycamoreBrewing,Sycamore Brewing
Blood Orange Gose,avbc,Bulldog Beer & Wine
Strongman Coffee Milk Stout,HiWireBrewing,Empire Pizza
Jai Alai IPA,CigarCityBeer,fsbbeer
Pinedrops IPA,deschutesbeer,fsbbeer
Danzig Baltic-Style Porter,dbbrewingco,hattiesclt
Toasted Lager,BluePointBrewer,macssbv
Siberian Night 2012,ThirstyDogBeer,La Cave De Champignons Brasserie
West Coast IPA (2015),GreenFlashBeer,City Electric Supply
Pure Hoppiness,alpinebeerco,duckworthsuptwn
Honey Badger,AMBrewery,BONZ
Two Hearted Ale,BellsBrewery,Bank of America Stadium
Citradelic IPA,newbelgium,Bank of America Stadium
Beer Camp Tropical IPA (2016),SierraNevada,Bank of America Stadium
Captain James Jack Pilsner,oldemeckbrew,oldemeckbrew
White Blaze,TripleCBrew,edstavernclt
"Walkin, Talkin, Pickin Kinda Man",FreeRangeBrew,Free Range Brewing
Goose IPA,GooseIsland,Bank of America Stadium
"Hop, Drop n Roll",nodabrewing,Bank of America Stadium
Saison,sugarcreekbrew,sugarcreekbrew
Johnny On the Spot,FreeRangeBrew,Free Range Brewing
Pale Ale,palmettobrewing,Lakebridge
"Hop, Drop n Roll",nodabrewing,Bank of America Stadium
Brah'klava,hawriverales/starpointbrewin,saludnoda
Victory At Sea,bpbrewing,craftgrowler
Cataclysm III,HeistBrewery,heistbrewery
Copper,oldemeckbrew,Bank of America Stadium
Copper,oldemeckbrew,tybercreek
Hop of the Month - January 2016 (Wakatu),FoothillsBeer,Waterstone
Duet,alpinebeerco,La Cave De Champignons Brasserie
Grapefruit Sculpin,bpbrewing,La Cave De Champignons Brasserie
Jam Session,nodabrewing,Sanctuary
Risen,dbbrewingco/surlybrewing,saludnoda
Golden Boy Blonde,TripleCBrew,ntlivemusic
Silverback Stout,unknownbrewing,craftgrowler
Dunkel,oldemeckbrew,carrabbas
Blood Orange Farmhouse Ale,WoodenRobotAle,craftgrowler
Massacre of the Innocents Farmhouse IPA,burialbeer,saludnoda
Modus Hoperandi,skabrewing,saludnoda
Massacre of the Innocents Farmhouse IPA,burialbeer,saludnoda
Skillet Donut Stout,burialbeer,saludnoda
Hand Shake IPA,GreenFlashBeer/alpinebeerco,saludnoda
Handshake IPA,alpinebeerco,saludnoda
For Pete's Sake!,DuClawBrewing,saludnoda
Black Mocha Stout,highlandbrews,Eagles' Layer
Chocolate Peanut Butter Porter,HornyGoatBrewCo,saludnoda
Hip Hop Marmalade,HeistBrewery,heistbrewery
Brunch Junkie,HeistBrewery,heistbrewery
Brockwell,HeistBrewery,heistbrewery
Session Pale Ale,lazylionbrewing,Lazy Lion Brewing Company
Bedeviled Belgian Golden Strong,wickedweedbeer,The Cellar
When In Saison,HeistBrewery,heistbrewery
Cherry Go Round,LegionBrewing,Legion Brewery
Naked Fish,DuClawBrewing,Harbortowne Marina and Ship's Store
Tele-porter,unknownbrewing,dandelionmkt
Devil's Backbone,RealAleBrewing,dandelionmkt
Vienna Lager,dbbrewingco,The Workman's Friend
Dunkel,oldemeckbrew,stonemtngrill
Breakfast Stout,foundersbrewing,hattiesclt
When In Saison,HeistBrewery,heistbrewery
Session Pale Ale,lazylionbrewing,Lazy Lion Brewing Company
Coco Loco,nodabrewing,hattiesclt
Squirreled,LegionBrewing,Legion Brewery
Cherry Go Round,LegionBrewing,Legion Brewery
Carolina Sparkle Party,LegionBrewing,Legion Brewery
Juicy J,LegionBrewing,Legion Brewery
Dos Amigos,LegionBrewing,Legion Brewery
Penn Dark,PennBrewery,Waterstone
Tocobaga,CigarCityBeer,Waterstone
Berliner Weisse,deepriverbruin,goodbottleco
Big Bear Black Stout,bearrepublic,duckworthspark
"Hop, Drop n Roll",nodabrewing,cltairport
"Hop, Drop n Roll",nodabrewing,truepizzaclt
Goose IPA,GooseIsland,Concourse D
Session IPL,dbbrewingco/nodabrewing,craftgrowler
Vital IPA,VictoryBeer,La Cave De Champignons Brasserie
Bad Penny,bigbossbeer,Concourse D
Winter In the Pines,railhousebrew,craftgrowler
Risen,dbbrewingco/surlybrewing,craftgrowler
Roundhouse IRA,BellsBrewery,goodbottleco
Seven Summits,dbbrewingco/wickedweedbeer,craftgrowler
New Hop Aesthetic,wickedweedbeer,goodbottleco
Yeast Wrangler,HolyCityBrewing,La Cave De Champignons Brasserie
Moneytree$,stillwaterales,goodbottleco
Shelby Rose,NewgrassBrewing,craftgrowler
"Hop, Drop n Roll",nodabrewing,cltairport
Dunkel,oldemeckbrew,Whisky River
Fiddler's Nightmare (Double IPA),NewgrassBrewing,craftgrowler
Zest-A-Peel,TripleCBrew,triplecbrew
Red Wine Mexicali,nodabrewing,birdsongbrewing
Two Hearted Ale,BellsBrewery,Slate Billiards
Respect,BirdsongBrewing,birdsongbrewing
Road To Nowhere Porter,TripleCBrew,triplecbrew
Hop'lin IPA,SouthboundBrews,La Cave De Champignons Brasserie
Saison,CaseyBrewing,ferm_nation
Rosetta,BreweryOmmegang,La Cave De Champignons Brasserie
Bire de Miel,jesterkingbeer,ferm_nation
Boozehound,TripleCBrew/SycamoreBrewing,triplecbrew
Pursuit of Hoppiness Imperial Red,grandtetonbrew,goodbottleco
Baby Maker,TripleCBrew,triplecbrew
Honey Pie Double IPA,BirdsongBrewing,birdsongbrewing
Honey Pie Double IPA,BirdsongBrewing,pintcentral
Hand Shake IPA,GreenFlashBeer/alpinebeerco,pintcentral
Pursuit of Hoppiness Imperial Red,grandtetonbrew,goodbottleco
Bourbon Barrel Aged Up All Night,TripleCBrew,goodbottleco
Freedom Park Pale,LegionBrewing,Legion Brewery
Cherry Go Round,LegionBrewing,Legion Brewery
Daisy Chain,LegionBrewing,Legion Brewery
Juicy J,LegionBrewing,Legion Brewery
Breakfast Stout,foundersbrewing,Waterstone
Neon Gypsy,DuClawBrewing,Harbortowne Marina and Ship's Store
Hand Shake IPA,GreenFlashBeer/alpinebeerco,theliberty
Ground Up Organic Coffee Stout,lennyboybrew,macsstc
"Hop, Drop n Roll",nodabrewing,Twenty-Two
Cajun Stout,TripleCBrew,triplecbrew
Napoleon Complex,wickedweedbeer,craftgrowler
Pragmatic Disposition,nodabrewing,nodabrewing
Geyser Gose,EvilTwinBrewing,saludnoda
Saison,sugarcreekbrew,sugarcreekbrew
Skillet Donut Stout,burialbeer,goodbottleco
"Hop, Drop n Roll",nodabrewing,hooligansclt
Nitro IPA,GuinnessIreland,hooligansclt
Honey Pie Double IPA,BirdsongBrewing,growler_usa
Hi-Res,sixpoint,Brawley's Beverage
Punk'n,UintaBrewing,Waterstone
Master of Pumpkins,TroegsBeer,Waterstone
Pumking,stbcbeer,Waterstone
Hoppy Ki Yay,loneriderbeer,growler_usa
Cottonwood Pumpkin (2015),FoothillsBeer,Waterstone
Punkin Ale,dogfishbeer,Waterstone
Beer Camp Tropical IPA (2016),SierraNevada,growler_usa
Saranac S'more Porter,saranacbrewery,hattiesclt
Tropical & Juicy,TheHopConcept,Campground Brewery
Carolus Magnus,oldehickory,Campground Brewery
Racer 5 IPA,bearrepublic,Bulldog Beer & Wine
What He's Having IPA,WoodenRobotAle,Wooden Robot Brewery
Fat Boy Baltic Porter,oldemeckbrew,oldemeckbrew
Pre-Game Session Ale,unknownbrewing,Magnolia Park
Bourbon Barrel Aged Fat Boy Baltic Porter,oldemeckbrew,oldemeckbrew
Vienna Lager,dbbrewingco,Waterstone
Bear Cub Brown,SycamoreBrewing,Sycamore Brewing
Pale Ale,sugarcreekbrew,sugarcreekbrew
Gose Gone Wild,stillwaterales,saludnoda
Freak of Nature,wickedweedbeer,La Cave De Champignons Brasserie
Pernicious IPA,wickedweedbeer,La Cave De Champignons Brasserie
Pernicious IPA,wickedweedbeer,La Cave De Champignons Brasserie
Cherry Go Round,LegionBrewing,Legion Brewery
Freedom Park Pale,LegionBrewing,Legion Brewery
Pernicious IPA,wickedweedbeer,La Cave De Champignons Brasserie
Liliko'i Kepolo,AveryBrewingCo,hattiesclt
Good Morning Vietnam,WoodenRobotAle,Wooden Robot Brewery
Yule See,WoodenRobotAle,Wooden Robot Brewery
Liquid Bliss,TerrapinBeerCo,ameliesbakery
Blackboard Series: Agave IPA w/ Grapefruit,VictoryBeer,duckworthsuptwn
Pale Ale,sugarcreekbrew,reidsfinefoods
Vienna Lager,dbbrewingco,Blue Olive Lounge
Funky Gold Medina,WoodenRobotAle,Wooden Robot Brewery
My Baby Does the Hanky Panky,FreeRangeBrew,Free Range Brewing
Winter Rambler,FreeRangeBrew/fullsteam,Free Range Brewing
Grand Optimist,HeistBrewery,heistbrewery
Distortion,HeistBrewery,heistbrewery
Honey Pie Double IPA,BirdsongBrewing,birdsongbrewing
RecreationAle,TerrapinBeerCo,The Rabbit Hole
Viking Fraoch Scottish Sour,D9Brewing,growler_usa
Copper,oldemeckbrew,Lakebridge
Milk Stout Nitro,LeftHandBrewing,vbgbuptown
Breakfast Stout,foundersbrewing,fillmorenc
"Hop, Drop n Roll",nodabrewing,cltairport
Resin,sixpoint,goodbottleco
Brass Monkey,FontaFloraBrew,goodbottleco
Full Color,hardywood,goodbottleco
Meemaw,FontaFloraBrew,saludnoda
Meemaw,FontaFloraBrew,saludnoda
Bread Tree,FontaFloraBrew,saludnoda
Dawn Patrol Imperial Mol Stout,CEBC_Sav,saludnoda
Peach Sour,512brewing,saludnoda
Fearnought,LCCB_FarmBrews,saludnoda
Peach Sour,512brewing,saludnoda
Fearnought,LCCB_FarmBrews,saludnoda
Barrel Aged Swirl,bluejacketdc,saludnoda
Barrel Aged Swirl,bluejacketdc,saludnoda
Tart Cherry Petite Sour,CrookedStave,saludnoda
Petite Sour Passion Fruit,CrookedStave,saludnoda
Muerte,BacklashBeer,saludnoda
Muerte,BacklashBeer,saludnoda
Chilly Water,TrinityBrewing,saludnoda
Chocofruit Guayaba,5RabbitBrewery,saludnoda
Chocofruit Guayaba,5RabbitBrewery,saludnoda
Corallet,tiredhandsbeer,saludnoda
Petit Azacca,DeGardeBrewing,saludnoda
Corallet,tiredhandsbeer,saludnoda
Cataclysm III,HeistBrewery,heistbrewery
Brunch Junkie,HeistBrewery,heistbrewery
Blood Orange Gose,avbc,craftgrowler
C.R.E.A.M.,sixpoint,craftgrowler
White Thai,westbrookbeer,craftgrowler
Conway's Irish Ale,GLBC_Cleveland,craftgrowler
Distortion,HeistBrewery,heistbrewery
Lazy Bird Brown Ale,BirdsongBrewing,cltairport
Higher Ground IPA,BirdsongBrewing,mmcltuptown
Brass Monkey,FontaFloraBrew,goodbottleco
Captain James Jack Pilsner,oldemeckbrew,Lakebridge
Citradelic IPA,newbelgium,La Cave De Champignons Brasserie
Citradelic IPA,newbelgium,La Cave De Champignons Brasserie
Napoleon Complex,wickedweedbeer,growlersph
Gluten FREEk,wickedweedbeer,growlersph
Hop Beard Mountain Man IPA,FontaFloraBrew,saludnoda
Hoptimist IPA,WhiteStreetBrew,hattiesclt
Bourbon Barrel Aged Oblivion,wickedweedbeer,saludnoda
Milk & Cookies,wickedweedbeer,The Cellar
"Hop, Drop n Roll",nodabrewing,Farenheit
Cold Crash,nodabrewing,RuRu's Tacos + Tequila
Nugget Nectar (2016),TroegsBeer,hiltonhotels
Cottonwood Pumpkin,FoothillsBeer,Flipside Cafe
Higher Ground IPA,BirdsongBrewing,dilworthng
Jalapeo Pale Ale,BirdsongBrewing,Gate E7
When In Saison,HeistBrewery,heistbrewery
Gold Leaf Lager,dbbrewingco,Char Bar No 7
Brunch Junkie,HeistBrewery,heistbrewery
Hi-Res,sixpoint,goodbottleco
Ramble On Red,nodabrewing,Hickory Tavern Metropolitan
Pernicious IPA,wickedweedbeer,goodbottleco
Happy Jack,BirdsongBrewing,birdsongbrewing
Two Hearted Ale,BellsBrewery,Slate Billiards
Nugget Nectar,TroegsBeer,goodbottleco
Nugget Nectar,TroegsBeer,Riviera
Honey Badger,AMBrewery,Slate Billiards
Big Bad Baptist (Release #45),EpicBrewing,M Ans
"Hop, Drop n Roll",nodabrewing,cltairport
"Hop, Drop n Roll",nodabrewing,cltairport
Pluff Mud Porter,HolyCityBrewing,Six Pence Pub
Colorado Carolina First,SycamoreBrewing,Sycamore Brewing
Big Bad Baptist,EpicBrewing,growler_usa
South Mountain Cream Stout,SycamoreBrewing,Sycamore Brewing
Mountain Candy IPA,SycamoreBrewing,Sycamore Brewing
Cataclysm III,HeistBrewery,Brawley's Beverage
Double Naked Fish,DuClawBrewing,grapevinewine
Collaboration Not Litigation (Batch #8),AveryBrewingCo,saludnoda
Pale Ale,sugarcreekbrew,sugarcreekbrew
Cosmic Ristretto,GreenFlashBeer,saludnoda
Nugget Nectar (2016),TroegsBeer,vbgbuptown
Hard Wired Nitro,LeftHandBrewing,saludnoda
Racer 5 IPA,bearrepublic,Sammy's Neighborhood Pub
Hi-Res,sixpoint,craftgrowler
Jalapeo Pale Ale,BirdsongBrewing,Helles & Dunkel
Jalapeo Pale Ale,BirdsongBrewing,fairfieldinnclt
X-Pat IPA,fortnightbeer,The Stinky Pinky Gulp N' Guzzle Big Rig Snooz-A-Stop 2
Nugget Nectar,TroegsBeer,growler_usa
Seven Summits,dbbrewingco/wickedweedbeer,growler_usa
Vanilla Bean Stout,AveryBrewingCo,duckworthsbally
Goose IPA,GooseIsland,cltairport
Samuel Adams Cold Snap,SamuelAdamsBeer,Jackalope Jack's
Fat Boy Baltic Porter,oldemeckbrew,Queen City Brewers Festival
Colorado Carolina First,SycamoreBrewing,Queen City Brewers Festival
Colorado Carolina First,SycamoreBrewing,fillmorenc
Bear Cub Brown,SycamoreBrewing,Sycamore Brewing
Kook Double IPA,pizzaportbeer,Queen City Brewers Festival
Blazing World,ModernTimesBeer,Queen City Brewers Festival
Swami's IPA,pizzaportbeer,Queen City Brewers Festival
Hot Pistol,nodabrewing,fillmorenc
Colorado Carolina First,SycamoreBrewing,fillmorenc
Systema Natvr - Devilwood & Apricot,D9Brewing,fillmorenc
Bourbon Barrel Aged Up All Night,TripleCBrew,Queen City Brewers Festival
Systema Natvr - Devilwood & Apricot,D9Brewing,Queen City Brewers Festival
Nugget Nectar,TroegsBeer,goodbottleco
Good Morning Vietnam,WoodenRobotAle,Wooden Robot Brewery
Double Indemnity Double IPA,LegalRemedyBrew,Queen City Brewers Festival
Mocha Java Porter,sugarcreekbrew,Queen City Brewers Festival
Cataclysm III,HeistBrewery,Queen City Brewers Festival
Grim Creeper,primalbrewery,Queen City Brewers Festival
Swami's IPA,pizzaportbeer,Queen City Brewers Festival
"No Worries, Be Hoppy",WoodenRobotAle,Wooden Robot Brewery
Risen,dbbrewingco/surlybrewing,craftgrowler
Starfruit Sour,AssClownBrewing,Queen City Brewers Festival
Light Rail Pale Ale,TripleCBrew,triplecbrew
Hand Shake IPA,GreenFlashBeer/alpinebeerco,growler_usa
Lincoln's Gift,serviceBrewing,growler_usa
Captain James Jack Pilsner,oldemeckbrew,oldemeckbrew
HopBack Amber Ale,TroegsBeer,theqclt
Grizzly Bear,SycamoreBrewing,Davidson Street Public House
Greenway IPA,TripleCBrew,wildwingcafe
Carolina Sparkle Party,LegionBrewing,Queen City Brewers Festival
Kilt Lifter Scotch Style Ale,MoylansBrewery,Kid Cashew
Windy Wisteria,fsbbeer,fsbbeer
Winter Rambler,FreeRangeBrew/fullsteam,Free Range Brewing
Crimson Amber,fsbbeer,fsbbeer
White Ice Winter Warmer,fsbbeer,fsbbeer
Shamrock Stout,fsbbeer,fsbbeer
Drop Dead Gordgeous,nodabrewing,theqclt
Risen,dbbrewingco/surlybrewing,Rea rd widening
Captain James Jack Pilsner,oldemeckbrew,hooters
Two Wild And Crazy Guys,FreeRangeBrew,Free Range Brewing
Nugget Nectar,TroegsBeer,vbgbuptown
Pernicious IPA,wickedweedbeer,duckworthsbally
Golden Ale,HonorBeer,growler_usa
Pineapple Sculpin,bpbrewing,growler_usa
Heady Topper,alchemistbeer,Park Crossing
Citradelic IPA,newbelgium,dandelionmkt
"Hop, Drop n Roll",nodabrewing,dilworthng
Black Ops,brooklynbrewery,Park Crossing
Coco Loco,nodabrewing,harrysclt
Narwhal Imperial Stout,SierraNevada,Lakebridge
Shiner Bock,ShinerBeer,kickstandclt
"Hop, Drop n Roll",nodabrewing,Plaza Midwood
"Hop, Drop n Roll",nodabrewing,Plaza Midwood
Vienna Lager,dbbrewingco,the_foxandhound
Mango Even Keel,bpbrewing,Ford's Used Tires
Saison,sugarcreekbrew,wolfmanpizza
Grunion Pale Ale,bpbrewing,Plaza Midwood
Mango Even Keel,bpbrewing,Plaza Midwood
Hakuna Matata,D9Brewing,the_foxandhound
Xocoveza Charred,StoneBrewingCo,Banks Street Gym
Crme Brle,stbcbeer,Banks Street Gym
Sexual Chocolate,FoothillsBeer,The OP
Tocobaga,CigarCityBeer,Banks Street Gym
Vanilla Bean Stout,AveryBrewingCo,Banks Street Gym
Smoked Porter,StoneBrewingCo,cltgov
Cran Gose,dbbrewingco,Plaza Midwood
Session IPA,Aroid86,Banks Street Gym
Nitro IPA,GuinnessIreland,Banks Street Gym
Hoppyum IPA,FoothillsBeer,Admirals Club
Firewater IPA,catawbabeer,hmshost
Bad Penny,bigbossbeer,Ciao Bakery & Cafe
Jam Session,nodabrewing,hmshost
Nugget Nectar,TroegsBeer,craftgrowler
Hoptimist IPA,WhiteStreetBrew,craftgrowler
Jam Session,nodabrewing,Time Warner Cable Arena
Hoppyum IPA,FoothillsBeer,Time Warner Cable Arena
Coco Loco,nodabrewing,Time Warner Cable Arena
Pineapple Sculpin,bpbrewing,duckworthspark
Rosetta,BreweryOmmegang,duckworthspark
"Hop, Drop n Roll",nodabrewing,1897 Market
Ginger Big Eye IPA,bpbrewing,saludnoda
Hopslam Ale (2016),BellsBrewery,saludnoda
Hopslam Ale (2016),BellsBrewery,saludnoda
"Wahoo White w/ Thai Chili, Lime, & Ginger",bpbrewing,saludnoda
Sea Monster,bpbrewing,saludnoda
Golden Boy Blonde,TripleCBrew,1900 Mexican Grill & Tequila Bar
Pineapple Sculpin,bpbrewing,saludnoda
Big Eye IPA,bpbrewing,saludnoda
Hoppyum IPA,FoothillsBeer,Mandrake
High Roller IPA,bigbossbeer,Mandrake
"Hop, Drop n Roll",nodabrewing,cltairport
Sexual Chocolate,FoothillsBeer,goodbottleco
Lumen,GrimmAles,goodbottleco
Standard,Prairieales,craftgrowler
Hopslam Ale (2016),BellsBrewery,craftgrowler
Cherry Go Lightly (Canvas Series),wickedweedbeer,fireworks
People's Porter,FoothillsBeer,craftgrowler
Colorado Carolina First,SycamoreBrewing,Sycamore Brewing
Countryside IPA,SycamoreBrewing,Sycamore Brewing
Pernicious IPA,wickedweedbeer,Brawley's Beverage
Hop of the Month - January 2016 (Wakatu),FoothillsBeer,macssbv
Sexual Chocolate,FoothillsBeer,craftgrowler
Hornigold,mysterybrewing,hattiesclt
Colorado Carolina First,SycamoreBrewing,Sycamore Brewing
Six Impossible Things,mysterybrewing,hattiesclt
Sexual Chocolate (2015),FoothillsBeer,craftgrowler
Jalapeo Pale Ale,BirdsongBrewing,amossouthend
"Hop, Drop n Roll",nodabrewing,cltairport
Pucker Up,sugarcreekbrew,sugarcreekbrew
Jam Session,nodabrewing,cltairport
Habanero Sculpin,bpbrewing,Bulldog Beer & Wine
Dunkel,oldemeckbrew,Uptown Bar & Lounge
Hopslam Ale,BellsBrewery,theliberty
Godless Killing Machine,WoodenRobotAle,Wooden Robot Brewery
Jam Session,nodabrewing,Cabo Fish Taco
Lumen,GrimmAles,goodbottleco
Higher Ground IPA,BirdsongBrewing,Cabo Fish Taco
Hopslam Ale,BellsBrewery,theliberty
Hopslam Ale,BellsBrewery,theliberty
Lumen,GrimmAles,goodbottleco
Brass Monkey,FontaFloraBrew,goodbottleco
Grapefruit Sculpin,bpbrewing,tiltontrade
Sexual Chocolate,FoothillsBeer,saludnoda
Grunion Pale Ale,bpbrewing,saludnoda
Saber Tooth Tiger,rhinegeist,saludnoda
Saber Tooth Tiger (2015),rhinegeist,saludnoda
Starfruit Sour,AssClownBrewing,saludnoda
Pure Fury,rhinegeist,saludnoda
Road To Nowhere Porter,TripleCBrew,300east
Boozehound,TripleCBrew/SycamoreBrewing,triplecbrew
Cataclysm III,HeistBrewery,heistbrewery
White Zombie Ale,catawbabeer,Glenway Premium Pub
Firewater IPA,catawbabeer,cltairport
Saranac S'more Porter,saranacbrewery,peculiarrabbit
Good Gourd,CigarCityBeer,Steele Creek
Honey Pie Double IPA,BirdsongBrewing,duckworthspark
Hop of the Month - January 2016 (Wakatu),FoothillsBeer,Steele Creek
Dunkel,oldemeckbrew,cltairport
Coffee Milk Stout,StoneBrewingCo,Steele Creek
Honey Pie Double IPA,BirdsongBrewing,thepassion_8
Mocha Java Porter,sugarcreekbrew,Steele Creek
Golden Boy Blonde,TripleCBrew,tybercreek
Double Pacific-Style Ale,dbbrewingco/thunderroadbrew,Rea rd widening
Crimson Amber,fsbbeer,grapevinewine
Mocha Java Porter,sugarcreekbrew,sugarcreekbrew
Yosemite Gold,loneriderbeer,Residence Inn Charlotte SouthPark
Hoppy Birthday,alpinebeerco,Steele Creek
Kentucky Breakfast Stout (KBS),foundersbrewing,Steele Creek
Boozehound,TripleCBrew/SycamoreBrewing,Visualite Theatre
Sexual Chocolate (2015),FoothillsBeer,Steele Creek
Black Mocha Stout,highlandbrews,Residence Inn Charlotte SouthPark
Koko Buni,creaturebeer,Residence Inn Charlotte SouthPark
Hot Pistol (2015),nodabrewing,nodabrewing
Hakuna Matata,D9Brewing,mmmyerspark
Higher Ground IPA,BirdsongBrewing,futo buta
Sexual Chocolate,FoothillsBeer,wfmcharlotte
BBL Grateful,FreeRangeBrew/RedClayCider,Free Range Brewing
Sea Of Companions,FreeRangeBrew,Free Range Brewing
BBL Grateful,FreeRangeBrew/RedClayCider,Free Range Brewing
Dirty Commie Heathen,unknownbrewing,craftgrowler
Nugget Nectar,TroegsBeer,The Pizza Peel and Tap Room
Hopslam Ale (2016),BellsBrewery,saborlatinst
Copper,oldemeckbrew,1897 Market
Richland Reserve,TerrapinBeerCo,String Bean Fresh Market and Deli
Hop Dab,NewgrassBrewing,craftgrowler
Burn Down For What,lennyboybrew,saludnoda
People's Porter,FoothillsBeer,cltairport
Quick Start My Heart,DuClawBrewing,saludnoda
Scottish Ale,WhiteStreetBrew,craftgrowler
La Folie Lips of Faith (2016),newbelgium,craftgrowler
Fat Charleys Raspberry Chocolate Stout,db_brewing,craftgrowler
Shotgun Betty,loneriderbeer,Honeycutt Tiki Bar
Pineapple Sculpin,bpbrewing,The Pizza Peel and Tap Room
Bishop Coal Miner Black IPA,gfbrewery,growler_usa
Seven Summits,dbbrewingco/wickedweedbeer,duckworthsuptwn
Godless Killing Machine,WoodenRobotAle,Wooden Robot Brewery
Fields of Flannel,unknownbrewing,unknownbrewing
Scouts Out Honey Saison,serviceBrewing,growler_usa
What She's Having,WoodenRobotAle,Wooden Robot Brewery
Hakuna Matata,D9Brewing,Hickory Tavern
Habitual Line Stepper,WoodenRobotAle,Wooden Robot Brewery
Shelby Rose,NewgrassBrewing,Wooden Robot Brewery
Cold Crash Winter Ale,nodabrewing,city_smoke
"Hop, Drop n Roll",nodabrewing,nodabrewing
Woody And Wilcox IPA,nodabrewing,nodabrewing
Dunkel,oldemeckbrew,oldemeckbrew
Tart Berliner Weisse,championbeer,craftgrowler
Slack Pack IPA,lazyhikerbrews,craftgrowler
Bourbon Barrel Aged Chocolate Covered Pretzel Stout,TripleCBrew,goodbottleco
Lindley Park,oldehickory,goodbottleco
Nugget Nectar,TroegsBeer,saludnoda
Juicy J,LegionBrewing,craftgrowler
Say It To My Face Red IPA,BirdsongBrewing,birdsongbrewing
Two Hearted Ale,BellsBrewery,Slate Billiards
"Hop, Drop n Roll",nodabrewing,Southside Charlotte
Saison,allagashbrewing,saludnoda
Trailblazer Mint Chocolate Stout,greatdividebrew,saludnoda
Liquid Bliss,TerrapinBeerCo,saludnoda
Saranac Caramel Porter,saranacbrewery,cowbellburger
McColl's Wit,sugarcreekbrew,cowbellburger
Copper,oldemeckbrew,city_smoke
Foxhound American Ale,SycamoreBrewing,tmacrestaurants
Hop'lin IPA,SouthboundBrews,Grapevine Riverwalk
Kabong,dbbrewingco,wfmcharlotte
Winter Milk Stout,WhiteStreetBrew,thecowfishsbb
Goose IPA,GooseIsland,Whisky River
Juicy J,LegionBrewing,Legion Brewery
Choklat,stbcbeer,theliberty
Road To Nowhere Porter,TripleCBrew,Cabo Fish Taco
Porter,sugarcreekbrew,sugarcreekbrew
Honey Pie Double IPA,BirdsongBrewing,goodbottleco
Sexual Chocolate (2016),FoothillsBeer,duckworthsbally
Par 4,nodabrewing,duckworthsbally
"Hop, Drop n Roll",nodabrewing,BV Pub and Pizzeria
C.R.E.A.M.,sixpoint,Waterstone
Southern Delight Praline Amber,CEBC_Sav,fsbbeer
Komerade Shokolad,LegionBrewing,Legion Brewery
Moonlight Drive,SouthboundBrews,fsbbeer
Silverback Stout,unknownbrewing,unknownbrewing
Samuel Adams Boston Lager,SamuelAdamsBeer,hmshost
Rockin' Chair,SouthboundBrews,grapevinewine
Samuel Adams Rebel Rouser,SamuelAdamsBeer,Lake Wylie
Charlotte's Gold,rockbottom,Rock Bottom Restaurant & Brewery
Summer Preserves Blueberry-Lemonade Wheat,SycamoreBrewing,Sycamore Brewing
Shiner Bock,ShinerBeer,kickstandclt
Sexual Chocolate (2016),FoothillsBeer,macsstc
Chocolate Covered Pretzel (2016),TripleCBrew,growler_usa
Crme Brle (2016),stbcbeer,growler_usa
Honey Pie Double IPA,BirdsongBrewing,birdsongbrewing
Thrilla' In Vanilla Porter,db_brewing,The Beer Growler
Hop Shovel,bearrepublic,The Beer Growler
Big Bad Baptist,EpicBrewing,growler_usa
Wilma's Wandering EyePA,db_brewing,The Beer Growler
Duet,alpinebeerco,growler_usa
Citradelic IPA,newbelgium,growler_usa
Grapefruit Sculpin,bpbrewing,adventcoworking
Grapefruit Sculpin,bpbrewing,adventcoworking
Hop'lin IPA,SouthboundBrews,La Cave De Champignons Brasserie
Honey Pie Double IPA,BirdsongBrewing,theliberty
Jade IPA,FoothillsBeer,La Cave De Champignons Brasserie
Cold Crash,nodabrewing,Thomas Street Tavern
Disruption Nitro,saranacbrewery,Dupey's
Blue Ridge Mist,rockbottom,growler_usa
Hop Goddess,rockbottom,growler_usa
Dark Tsar,rockbottom,growler_usa
Wicked Elf Ale,rockbottom,growler_usa
Godless Killing Machine,WoodenRobotAle,Wooden Robot Brewery
Funky Gold Simcoe,Prairieales,saludnoda
Maximus,lagunitasbeer,Berwick
Shotgun Betty,loneriderbeer,Honeycutt Tiki Bar
Citradelic IPA,newbelgium,La Cave De Champignons Brasserie
Citradelic IPA,newbelgium,La Cave De Champignons Brasserie
Beer Camp Tropical IPA (2016),SierraNevada,La Cave De Champignons Brasserie
What He's Having IPA,WoodenRobotAle,hattiesclt
Bramble Barrel (Canvas Series),wickedweedbeer,Reid Pointe Neighborhood
Lazy Bird Brown Ale,BirdsongBrewing,city_smoke
Fruit Strangler,HeistBrewery,heistbrewery
Cataclysm III,HeistBrewery,heistbrewery
Bramble Barrel (Canvas Series),wickedweedbeer,saludnoda
Puzzle Pieces (Canvas Series),wickedweedbeer,saludnoda
Bolo Coconut Brown,burialbeer,goodbottleco
Banana Split Chocolate Stout,ThomasCreekBeer,Sammy's Neighborhood Pub
Columella,CigarCityBeer/EvilTwinBrewing,hygge
Speed Merchant,platformbeers,Reid Pointe Neighborhood
Milk Stout,DuckRabbitBrew,georgesbrasseri
Copper,oldemeckbrew,georgesbrasseri
Dirty Commie Heathen,unknownbrewing,unknownbrewing
Good Morning Vietnam,WoodenRobotAle,Wooden Robot Brewery
Belgian Dubbel,sugarcreekbrew,sugarcreekbrew
Pale Ale,sugarcreekbrew,hawthornespizza
Yule Bock,oldemeckbrew,hattiesclt
Hoppalachia IPA,gfbrewery,Southfork Market & Cafe
Habitual Line Stepper,WoodenRobotAle,Wooden Robot Brewery
Peter Piper Picked A Peck of Pepper Pigs,unknownbrewing,unknownbrewing
Hog-A-Peno,unknownbrewing,unknownbrewing
Just Desserts,unknownbrewing,unknownbrewing
Go Home Wilbur You're Drunk,unknownbrewing,unknownbrewing
That'll Do Pig,unknownbrewing,unknownbrewing
Breakfast Of The Gods,unknownbrewing,unknownbrewing
That'll Do Pig,unknownbrewing,unknownbrewing
SoooOOO WeeeEEE Heavy Scotch Ale,unknownbrewing,unknownbrewing
Peter Piper Picked A Peck of Pepper Pigs,unknownbrewing,unknownbrewing
Hog-A-Peno,unknownbrewing,unknownbrewing
SoooOOO WeeeEEE Heavy Scotch Ale,unknownbrewing,unknownbrewing
Ready Set Gose,UintaBrewing,growlersph
T-Rex Arms,WoodenRobotAle,Wooden Robot Brewery
What He's Having IPA,WoodenRobotAle,Wooden Robot Brewery
Habitual Line Stepper,WoodenRobotAle,Wooden Robot Brewery
T-Rex Arms,WoodenRobotAle,Wooden Robot Brewery
What She's Having,WoodenRobotAle,Wooden Robot Brewery
Cran Gose,dbbrewingco,harristeeter
Peak Farm Double Pale Ale,SycamoreBrewing,Sycamore Brewing
Mountain Candy IPA,SycamoreBrewing,Sycamore Brewing
Copper,oldemeckbrew,oldemeckbrew
Southside Weiss,oldemeckbrew,oldemeckbrew
Captain James Jack Pilsner,oldemeckbrew,oldemeckbrew
Pernicious IPA,wickedweedbeer,Hickory Tavern
Red Sky Session IPA,fsbbeer,fsbbeer
Last Stop,brewbususa,fsbbeer
Sexual Chocolate (2016),FoothillsBeer,duckworthspark
Hornets Nest,oldemeckbrew,Pinckney Marketing
Two Wild And Crazy Guys,FreeRangeBrew,Free Range Brewing
Sea Of Companions,FreeRangeBrew,Free Range Brewing
Brainless on Cherries,EpicBrewing,craftgrowler
Hop Circus Vol. 3 (Passion Fruit White IPA),HiWireBrewing,craftgrowler
CAVU,nodabrewing,saborlatinst
"Hop, Drop n Roll",nodabrewing,cltairport
Black Malts & Body Salts,toolbeer,T&T's House Of Waffles & Pain Part Deux
Farmer's Reserve Grand Cru,AlmanacBeer,T&T's House Of Waffles & Pain Part Deux
Sock Knocker,coronadobrewing,Brawley's Beverage
Coco Loco,nodabrewing,cltairport
What He's Having IPA,WoodenRobotAle,Wooden Robot Brewery
What She's Having,WoodenRobotAle,Wooden Robot Brewery
Torch Pilsner,FoothillsBeer,cltairport
Jai Alai IPA,CigarCityBeer,Waterstone
Southern Girl Blonde,SycamoreBrewing,Sycamore Brewing
Nugget Nectar,TroegsBeer,Waterstone
Hi-Pitch IPA,HiWireBrewing,Wine Shop At Rivergate
Citradelic IPA,newbelgium,La Cave De Champignons Brasserie
"Hop, Drop n Roll",nodabrewing,La Cave De Champignons Brasserie
Hi-Res,sixpoint,Reid Pointe Neighborhood
Pernicious IPA,wickedweedbeer,Hickory Tavern
Huma Lupa Licious,ShortsBrewing,Reid Pointe Neighborhood
Hop Cakes,nodabrewing,commonmarket
FCA IPA,railhousebrew,McKoy's Smokehouse & Saloon
Red Sky Session IPA,fsbbeer,fsbbeer
"No Worries, Be Hoppy",WoodenRobotAle,Wooden Robot Brewery
What She's Having,WoodenRobotAle,Wooden Robot Brewery
Gluten Tag,WoodenRobotAle,Wooden Robot Brewery
Renegade of Funk,WoodenRobotAle,Wooden Robot Brewery
Habitual Line Stepper,WoodenRobotAle,Wooden Robot Brewery
Death By Hops,oldehickory,Bulldog Beer & Wine
Ginger Wheat,unknownbrewing,The Workman's Friend
Wake Up Dead,LeftHandBrewing,grapevinewine
Free Will Pale Ale,BirdsongBrewing,Hickory Tavern Metropolitan
Stone IPA,StoneBrewingCo,Carmella's Pizza Grill
Hop Cakes,nodabrewing,The Blind Pig
Cran Gose,dbbrewingco,FreeMore West
Duet,alpinebeerco,Sweetwater Sports Bar & Grill
Best In Show,Trophybrewing,saludnoda
Hop Cakes,nodabrewing,saludnoda
Tropical Storm Brux,NewgrassBrewing,saludnoda
Higher Ground IPA,BirdsongBrewing,dogbarcharlotte
Citra Dog,ThirstyDogBeer,grapevine Wine Shop / Wine Bar - Riverwalk
Smitten Golden Rye Ale,BellsBrewery,jackbeaglesnoda
Vienna Lager,dbbrewingco,The Davy NoDa
Two Hearted (2016),BellsBrewery,jackbeaglesnoda
Komrade Shokolad,LegionBrewing,Legion Brewery
Peppa King Porter,LegionBrewing,Legion Brewery
Jam Session,nodabrewing,Explorer Lounge
Dunkel,oldemeckbrew,cltairport
Pipehawk,burialbeer,The Beer Growler
Winter Milk Stout,WhiteStreetBrew,The Beer Growler
Hoppyum IPA,FoothillsBeer,cltairport
Lazy Bird Brown Nitro,BirdsongBrewing,birdsongbrewing
Milky Way,Trophybrewing,Waterstone
Bengali,sixpoint,lebowskis
Komrade Shokolad,LegionBrewing,Legion Brewery
Cajun Stout,TripleCBrew,midwoodbbq
Say It To My Face Red IPA,BirdsongBrewing,dogbarcharlotte
"Hop, Drop n Roll",nodabrewing,luckydoglkn
Schwartz Bier,dbbrewingco,duckworthshvill
Mine & Yours,nodabrewing/newbelgium,Davidson Beverage Company
"Hop, Drop n Roll",nodabrewing,eez_fusionsushi
Hot Pistol (2015),nodabrewing,NoDa Brewing Company North End
Coco Loco,nodabrewing,NoDa Brewing Company North End
Woody And Wilcox IPA,nodabrewing,NoDa Brewing Company North End
Cottonwood Frostbite,FoothillsBeer,Davis Lake
Dunkel,oldemeckbrew,LongHorn Steakhouse
Hakuna Matata,D9Brewing,brixxpizza
Rudolph's Revenge,ironhillbrewery,earmarket
Gordgeous,nodabrewing,NoDa Brewing Company North End
Snots,BeerHoundBrewer,Davis Lake
Hoppy Holidays,nodabrewing,NoDa Brewing Company North End
Hoppy Holidays,nodabrewing,NoDa Brewing Company North End
White Blaze,TripleCBrew,earmarket
Hoppy Holidays 2015,nodabrewing,NoDa Brewing Company North End
Drop Dead Gordgeous,nodabrewing,NoDa Brewing Company North End
St. Martin's Cross,D9Brewing,d9brewing
Yacht,stillwaterales,craftybeerguys
Hard Root Beer,ConeyIslandBeer,earmarket
Hot Pistol (2015),nodabrewing,NoDa Brewing Company North End
Grapefruit Sculpin,bpbrewing,earmarket
Christmas Ale,BellsBrewery,earmarket
Carrot Cake Brown Ale,primalbrewery,Novanta
Mad Elf (2015),TroegsBeer,thevinylpi
Thornfield's End,mysterybrewing,Novanta 90 Pizzeria Napoletana
Mistletoe,howardbrewing,thevinylpi
Twelve,D9Brewing,Our Town Cinemas
Heady Topper,alchemistbeer,Cornelius Drafthouse
Hot Pistol,nodabrewing,NoDa Brewing Company North End
Primal Fest,primalbrewery,Primal Brewery
Carrot Cake Brown Ale,primalbrewery,Primal Brewery
M.O.H.K. Hazel Nut Stout,primalbrewery,Primal Brewery
Centennial IPA,primalbrewery,Primal Brewery
Hunter's Moon Blood Orange American Strong Ale,burialbeer,earmarket
Mainer Weisse (2015),nightshiftbeer,earmarket
Coco Loco,nodabrewing,pfchangs
Hoppy Ki Yay,loneriderbeer,Crafty Burg'r
Black Gold Porter,AMBrewery,Crafty Burg'r
Sweet Action,sixpoint,craftybeerguys
Judaculla Barrel-Aged Russian Imperial Stout,nantahalabrew,Davis Lake
Hoppy Holidays 2015,nodabrewing,cltcleer
No ReBretts,AtGBrewery,craftybeerguys
Stereo,stillwaterales,craftybeerguys
Woody And Wilcox IPA,nodabrewing,NoDa Brewing Company North End
Woody And Wilcox IPA (2014),nodabrewing,NoDa Brewing Company North End
"Hop, Drop n Roll",nodabrewing,NoDa Brewing Company North End
Hoppy Holidays,nodabrewing,NoDa Brewing Company North End
Mine & Yours,nodabrewing/newbelgium,NoDa Brewing Company North End
Copper,oldemeckbrew,bwwings
Sweet Baby Jesus!,DuClawBrewing,bwwings
Jam Session,nodabrewing,some where in denver
Bolo Coconut Brown,burialbeer,earmarket
Jalapeo Pale Ale,BirdsongBrewing,baddaddysclt
Bourbon County Brand Stout (2015) 14.3%,GooseIsland,thecorkandcask
Full Nelson,LaCumbreBrewing,earmarket
Braggot,kuhnhennbrew,d9brewing
Jolly Ollie,CigarCityBeer,d9brewing
My 1st Xmas,AssClownBrewing,Ass Clown Brewing Company
Hoppy Holidays,nodabrewing,NoDa Brewing Company North End
Cold Crash,nodabrewing,NoDa Brewing Company North End
NoDable,nodabrewing,NoDa Brewing Company North End
Drop Dead Gordgeous,nodabrewing,NoDa Brewing Company North End
Bourbon County Brand Stout (2015) 14.3%,GooseIsland,thecorkandcask
Cinnamon Roll'd Wake-N-Bake (2015),TerrapinBeerCo,thecorkandcask
Who Tarted In My Saison,nodabrewing,NoDa Brewing Company North End
Ramble On Red,nodabrewing,NoDa Brewing Company North End
Raison D'Extra,dogfishbeer,La Hacienda
Mad Bishop Oktoberfest,DuClawBrewing,La Hacienda
For Pete's Sake!,DuClawBrewing,La Hacienda
Double IPA,BayneBrew,baynebrew
Vicki The Elephant Peanut Butter Ale,gfbrewery,Cornelius Drafthouse
Whiskers On Kittens Blonde Sour,D9Brewing,d9brewing
Scythe Rye IPA,burialbeer,earmarket
Yule Bock,oldemeckbrew,craftybeerguys
Hot Pistol,nodabrewing,NoDa Brewing Company North End
Par 4,nodabrewing,NoDa Brewing Company North End
Cold Crash,nodabrewing,NoDa Brewing Company North End
"Hop, Drop n Roll",nodabrewing,Rusty Rudder
Dunkel,oldemeckbrew,redrobincareers
Sweet Potato Casserole,FunkyBuddhaBrew,d9brewing
Blueberry Cobbler,FunkyBuddhaBrew,d9brewing
Woody Stout,lostrhino,d9brewing
Peg Leg,HeavySeasBeer,d9brewing
Blithering Idiot,weyerbacher,d9brewing
Marshal Zhukov's Imperial Stout,CigarCityBeer,d9brewing
Punk'in Drublic,coronadobrewing,d9brewing
Good Gourd,CigarCityBeer,d9brewing
Campfire Stout,HighWaterBrew,d9brewing
SteakCake Stout,db_brewing,d9brewing
Devil's Milk,DuClawBrewing,d9brewing
Mokah (2015),stbcbeer,d9brewing
Rainbow Dome,GrimmAles,d9brewing
Mourning Wood,localoption,d9brewing
Beaver Moon Imperial Brown Ale,burialbeer,earmarket
Yakima Glory,VictoryBeer,duckworthshvill
Dull Boy,D9Brewing,d9brewing
Saranac Clouded Dream,saranacbrewery,tmacrestaurants
Lolita,GooseIsland,craftybeerguys
Pepe Nero,GooseIsland,craftybeerguys
Sofie,GooseIsland,craftybeerguys
Lolita,GooseIsland,craftybeerguys
"Hop, Drop n Roll",nodabrewing,earmarket
Jai Alai IPA,CigarCityBeer,Jai
Good Humans,ShortsBrewing,Good Friends
Boat Beer,cartonbrewing,earmarket
Belly Warmer,nodabrewing,NoDa Brewing Company North End
Hakuna Matata,D9Brewing,The Brickhouse Tavern
Stone Enjoy By 02.14.16 Unfiltered IPA,StoneBrewingCo,visitlakenorman
Lilybean Golden Stout,NewgrassBrewing,bottledtapped
Speedway Stout (Vietnamese Coffee),AleSmithBrewing,earmarket
Pernicious IPA,wickedweedbeer,earmarket
Skillet Donut Stout,burialbeer,earmarket
Beer Hop Breakfast,MikkellerBeer,The Hamptons
Keeper's Veil Honey Saison,burialbeer,earmarket
Raspberry Sour (Batch #1: April 2015),AveryBrewingCo,earmarket
Samuel Adams Cold Snap,SamuelAdamsBeer,Hickory Tavern - Harris
Rudolph's Revenge,ironhillbrewery,earmarket
Vienna Lager,dbbrewingco,NoDa Brewing Company North End
"Hop, Drop n Roll",nodabrewing,NoDa Brewing Company North End
Pragmatic Disposition,nodabrewing,NoDa Brewing Company North End
Par 4,nodabrewing,NoDa Brewing Company North End
Taco Stout,nodabrewing,NoDa Brewing Company North End
Mine & Yours,nodabrewing/newbelgium,NoDa Brewing Company North End
Hot Pistol,nodabrewing,NoDa Brewing Company North End
"Hop, Drop n Roll",nodabrewing,NoDa Brewing Company North End
Mine & Yours,nodabrewing/newbelgium,NoDa Brewing Company North End
Lunatic Blonde,wickedweedbeer,craftybeerguys
Coco Loco,nodabrewing,NoDa Brewing Company North End
Skillet Donut Stout,burialbeer,Davis Lake
Risen,dbbrewingco/surlybrewing,Mac's Speed Shop
Seven Summits,dbbrewingco/wickedweedbeer,Mac's Speed Shop
Seven Summits,dbbrewingco/wickedweedbeer,Davidson Beverage Company
Saison,sugarcreekbrew,summitcoffee
Bailando - Peruvian Chocolate Ale,D9Brewing,d9brewing
Hakuna Matata,D9Brewing,Smoke Modern BBQ
Dunkel,oldemeckbrew,Smoke Modern BBQ
Greedy Squirrel,nodabrewing,NoDa Brewing Company North End
Hot Pistol,nodabrewing,NoDa Brewing Company North End
Hakuna Matata,D9Brewing,d9brewing
Hot Pistol (2015),nodabrewing,NoDa Brewing Company North End
Jam Session,nodabrewing,craftybeerguys
Ten FIDY,oskarblues,craftybeerguys
Hakuna Matata,D9Brewing,brixxpizza
Traditional Lager,Yuengling_Beer,Claiborne's
Systema Natvr - Devilwood & Apricot,D9Brewing,d9brewing
Miller Lite,MillerCoors,Claiborne's
Centennial IPA,foundersbrewing,Brightwalk
Lagunitas Sucks,lagunitasbeer,Brightwalk
"Hop, Drop n Roll",nodabrewing,Brightwalk
Shakespeare Oatmeal Stout,rogueales,earmarket
Hakuna Matata,D9Brewing,d9brewing
"Puck, The Beer",NoCoastBrewCo,earmarket
Mango Even Keel,bpbrewing,earmarket
Sip of Sunshine,LawsonsFinest,d9brewing
Cross Ryez'd,nodabrewing,NoDa Brewing Company North End
Pragmatic Disposition,nodabrewing,NoDa Brewing Company North End
Hopslam Ale (2016),BellsBrewery,Mac's Speed Shop
Hopslam Ale (2016),BellsBrewery,duckworthshvill
Vanilla Bean Stout,AveryBrewingCo,duckworthshvill
"Hop, Drop n Roll",nodabrewing,NoDa Brewing Company North End
Hopslam Ale (2016),BellsBrewery,thecorkandcask
Hopslam Ale (2016),BellsBrewery,thecorkandcask
Grunion Pale Ale,bpbrewing,thecorkandcask
Samuel Adams Cold Snap (2016),SamuelAdamsBeer,Stephens Grove Community Pool
Higher Ground IPA,BirdsongBrewing,luckydoglkn
"Hop, Drop n Roll",nodabrewing,The Brickhouse Tavern
Shakedown Imperial Chocolate Cherry Stout,starrhill,tmacrestaurants
Puzzle Pieces (Canvas Series),wickedweedbeer,craftybeerguys
Hop Ranch,VictoryBeer,duckworthshvill
Nugget Nectar,TroegsBeer,duckworthshvill
Gluten FREEk,wickedweedbeer,duckworthshvill
"Hop, Drop n Roll",nodabrewing,North Harbor Club
Hopslam Ale (2016),BellsBrewery,duckworthshvill
Pineapple Sculpin,bpbrewing,earmarket
Sexual Chocolate (2015),FoothillsBeer,duckworthshvill
Vanilla Saison,AssClownBrewing,Ass Clown Brewing Company
Nitro Oatmeal Stout,foundersbrewing,The Kilted Buffalo at Langtree
Stone Farking Wheaton w00tstout (2015),StoneBrewingCo,duckworthshvill
Seven Summits,dbbrewingco/wickedweedbeer,duckworthshvill
Freak of Nature,wickedweedbeer,duckworthshvill
Lagunitas Sucks (2015),lagunitasbeer,tmacrestaurants
Pils,lagunitasbeer,tmacrestaurants
Lagunitas Sucks,lagunitasbeer,tmacrestaurants
Hop Cakes,nodabrewing,NoDa Brewing Company North End
Sexual Chocolate,FoothillsBeer,Corkscrew
Devil's Gas - Pumpernickel,primalbrewery,Primal Brewery
Centennial IPA,foundersbrewing,Double Oaks Pool
M.O.H.K. Hazel Nut Stout,primalbrewery,Primal Brewery
Grapefruit Sculpin,bpbrewing,Double Oaks Pool
Jalapeo Pale Ale,BirdsongBrewing,Rusty Rudder
Systema Natvr - Devilwood & Apricot,D9Brewing,craftybeerguys
Mother Trucker Pale Ale,catawbabeer,earmarket
Hop Cakes (2016),nodabrewing,NoDa Brewing Company North End
Hop Cakes (2016),nodabrewing,NoDa Brewing Company North End
Road Warrior,GreenFlashBeer,earmarket
Hop Cakes (2016),nodabrewing,NoDa Brewing Company North End
Free Will Pale Ale,BirdsongBrewing,131 Main
Baby Maker,TripleCBrew,North Harbor Club
Hop Cakes,nodabrewing,NoDa Brewing Company North End
"Hop, Drop n Roll",nodabrewing,NoDa Brewing Company North End
Par 4,nodabrewing,NoDa Brewing Company North End
Root Squared,nodabrewing,NoDa Brewing Company North End
Pragmatic Disposition,nodabrewing,NoDa Brewing Company North End
Lupulin River,kneedeepbrewing/kernriverbrewin,thecorkandcask
C.R.E.A.M. Donut Infused Cappucino Milk Stout,AMBrewery,thecorkandcask
Maple Wheat,BayneBrew,baynebrew
Cold Crash,nodabrewing,flatirontap
Jerk bird,offcolorbrewing,earmarket
Pale Ale,sugarcreekbrew,redrobincareers
Pulcinella,HiWireBrewing,duckworthshvill
Bailando - Peruvian Chocolate Ale,D9Brewing,d9brewing
Hop Cakes,nodabrewing,NoDa Brewing Company North End
Mine & Yours,nodabrewing/newbelgium,NoDa Brewing Company North End
Hop Cakes,nodabrewing,NoDa Brewing Company North End
Lupulin River,kneedeepbrewing/kernriverbrewin,thevinylpi
Mountain Candy IPA,SycamoreBrewing,thevinylpi
Napoleon Complex,wickedweedbeer,thevinylpi
Curmudgeon Old Ale (2015),foundersbrewing,Casa Del Dolor
Pump[KY]n,AveryBrewingCo,Casa Del Dolor
Calm Before The Storm,bpbrewing,Sudbury Rd.
Project PAM,foundersbrewing,vintnernc
Stone Farking Wheaton w00tstout (2015),StoneBrewingCo,vintnernc
Good Morning Vietnam,WoodenRobotAle,ncbeertemple
White Blaze,TripleCBrew,vintnernc
Red Dress,MoonlightMead,ncbeertemple
Yule Tide Barrel Aged (2015),HeavySeasBeer,Casa Del Dolor
Pale Joe,foundersbrewing,vintnernc
Bourbon Barrel Aged White Blaze,TripleCBrew,ncbeertemple
Rbus (2015),foundersbrewing,vintnernc
Project PAM,foundersbrewing,vintnernc
Kentucky Breakfast Stout (KBS) (2015),foundersbrewing,vintnernc
Dallas' Chocolate Coconut Victory At Sea,bpbrewing,Moe's Original BBQ
Project PAM,foundersbrewing,vintnernc
Krampus,stbcbeer,Carolina Cinemas - Crownpoint Stadium 12
Pale Joe With Coffee,foundersbrewing,vintnernc
Kentucky Breakfast Stout (KBS),foundersbrewing,vintnernc
Grunion Pale Ale,bpbrewing,Moe's Original BBQ
Sour Wench,bpbrewing,Moe's Original BBQ
Mosaic Promise,foundersbrewing,vintnernc
Neapolitan Milk Stout,saugatuckbrew,Moe's Original BBQ
Mexicali Stout,BirdsongBrewing,ncbeertemple
Tropicmost Passionfruit Gose,wickedweedbeer,vintnernc
Strongman Coffee Milk Stout,HiWireBrewing,vintnernc
Mexican Cake (Cognac Barrel Aged),westbrookbeer,ncbeertemple
Kind Of A Big Deal (with Peaches),TripleCBrew,ncbeertemple
City Slicker,WoodenRobotAle,ncbeertemple
Flanders Red Ale,BacchusBrewCo,ncbeertemple
Hickory Stick Stout,oldehickory,Dunwellz Custom Kitchen & Pour House
Rouge,PisgahBrewing,ncbeertemple
Rouge,PisgahBrewing,ncbeertemple
Coco Loco,nodabrewing,Nickelback Fan Club World Headquarters
Sweet Baby Jesus!,DuClawBrewing,The Regal Beagle
Golden Ticket Tripel,sugarcreekbrew,ncbeertemple
Hoppy Bunny A.B.A.,DuckRabbitBrew,ncbeertemple
Napoleon Complex IPA,wickedweedbeer,ncbeertemple
Napoleon Complex IPA,wickedweedbeer,ncbeertemple
Red's Rye IPA,foundersbrewing,vintnernc
Pernicious IPA,wickedweedbeer,vintnernc
Breakfast Stout,foundersbrewing,vintnernc
Dark Helmet,westbrookbeer,vintnernc
Dark Penance,foundersbrewing,vintnernc
Backwoods Bastard,foundersbrewing,vintnernc
Curmudgeon Old Ale,foundersbrewing,vintnernc
Game Of Thrones - Three Eyed Raven,BreweryOmmegang,the hood
Sweet Baby Jesus!,DuClawBrewing,Nickelback Fan Club World Headquarters
Julia's IPA,cervesaguineu,Moe's Original BBQ
Monstro,nodabrewing,Lowe Funeral Home
Wolaver's Alta Gracia Coffee Porter,OtterCreekBeer,George's Garage
Freak of Nature,wickedweedbeer,Faith & Grace Brewing
Chanukah In Kentucky,ShmaltzBrewing,Casa Del Dolor
Copper,oldemeckbrew,Center Ice Tavern
Dunkel,oldemeckbrew,George's Garage
Hoppy Holidays,nodabrewing,Sparky's Bar & Grill
Milk & Cookies,wickedweedbeer,ncbeertemple
Captain James Jack Pilsner,oldemeckbrew,ncbeertemple
Wake-n-Bake Coffee Oatmeal Imperial Stout,TerrapinBeerCo,ncbeertemple
Wake-n-Bake Coffee Oatmeal Imperial Stout (2015),TerrapinBeerCo,ncbeertemple
Mango Tango Foxtrot,deepriverbruin,ncbeertemple
Mango Tango Foxtrot,deepriverbruin,ncbeertemple
Death By Coconut (2015),oskarblues,ncbeertemple
Havanther,OrlisonBrewing,ncbeertemple
Hoppy Holidays,nodabrewing,Sudbury Rd.
Rocket Science IPA,fullsteam,ncbeertemple
Fearrington Winter (Coffee Pecan Porter),fullsteam,ncbeertemple
Bring Da Ruckus,lennyboybrew,ncbeertemple
Stone IPA,StoneBrewingCo,bwwings
White Blaze (2015),TripleCBrew,Sudbury Rd.
Wake-n-Bake Coffee Oatmeal Imperial Stout,TerrapinBeerCo,Star Wars Cantina
Puppies On Penguins (2015),BirdsongBrewing,ncbeertemple
Lincoln's Gift,serviceBrewing,ncbeertemple
Bring Da Ruckus,lennyboybrew,ncbeertemple
McColl's Wit,sugarcreekbrew,George's Garage
Bourbon Barrel Aged Cataclysm II,HeistBrewery,Deadhead Vomitorium
Sculpin IPA,bpbrewing,childrensplace
Rodenbach Grand Cru,rodenbachbeer,europeanwax
Jam Session,nodabrewing,Bojangles' Coliseum
Copper,oldemeckbrew,Bojangles' Coliseum
Pumking,stbcbeer,Shonts Home
Pumpkin Down,bpbrewing,Shonts Home
Wake-n-Bake Coffee Oatmeal Imperial Stout,TerrapinBeerCo,vintnernc
Napoleon Complex IPA,wickedweedbeer,vintnernc
Southside Weiss,oldemeckbrew,George's Garage
Port O'Call,UintaBrewing,Casa Del Dolor
Grapefruit Sculpin,bpbrewing,George's Garage
Pernicious IPA,wickedweedbeer,vintnernc
Rye-On-Rye,Boulevard_Beer,ncbeertemple
Heavy Lifting IPA,Boulevard_Beer,Rack Em Pub & Billiards
Hoppyum IPA,FoothillsBeer,Rack Em Pub & Billiards
Heavy Lifting IPA,Boulevard_Beer,Rack Em Pub & Billiards
Heavy Lifting IPA,Boulevard_Beer,Rack Em Pub & Billiards
"Hop, Drop n Roll",nodabrewing,Carolina Cinemas - Crownpoint Stadium 12
Deadeye Jack,loneriderbeer,George's Garage
Jalapeo Pale Ale,BirdsongBrewing,Carolina Cinemas - Crownpoint Stadium 12
reDANKulous,foundersbrewing,George's Garage
Two Hearted Ale,BellsBrewery,George's Garage
Project PAM,foundersbrewing,George's Garage
Mocha Java Porter,sugarcreekbrew,George's Garage
Wolaver's Alta Gracia Coffee Porter,OtterCreekBeer,George's Garage
Stone Enjoy By 12.25.15 IPA,StoneBrewingCo,George's Garage
CEO Stout,rightbrainbrew,George's Garage
Deadeye Jack,loneriderbeer,George's Garage
Sweet Baby Jesus!,DuClawBrewing,George's Garage
CAVU,nodabrewing,Wonderwood
Snow Wit White IPA,SierraNevada,Wonderwood
Project PAM,foundersbrewing,George's Garage
Deadeye Jack,loneriderbeer,George's Garage
Boondock Saint Honey Trippel,SycamoreBrewing,Casa Del Dolor
Silent Night,motherearthbrew,ncbeertemple
Grapefruit Sculpin,bpbrewing,vintnernc
Top Roll,CigarCityBeer,ncbeertemple
Strongman Coffee Milk Stout,HiWireBrewing,Monroe Low Cost Spay/neuter clinic
Virginia Black Bear,LCCB_FarmBrews,ncbeertemple
Yours & Mine,newbelgium/nodabrewing,ncbeertemple
Cut It In Half & Dubbel It,WoodenRobotAle,ncbeertemple
Puzzle Pieces (Canvas Series),wickedweedbeer,ncbeertemple
Tiramisu Stout,HideoutBrewing,ncbeertemple
Mash & Grind (2014),thebruery,ncbeertemple
Yours & Mine,newbelgium/nodabrewing,ncbeertemple
Virginia Black Bear,LCCB_FarmBrews,ncbeertemple
Cut It In Half & Dubbel It,WoodenRobotAle,ncbeertemple
Snow Flurry,motherearthbrew,ncbeertemple
Cuve Des Jacobins Rouge,omervdg,ncbeertemple
Centennial IPA,foundersbrewing,vintnernc
Deliria,Deliriumbrewery,vintnernc
Stone Imperial Russian Stout (2014),StoneBrewingCo,vintnernc
Tropicmost Passionfruit Gose,wickedweedbeer,vintnernc
Drop Dead Gordgeous,nodabrewing,vintnernc
Jade IPA,FoothillsBeer,Carl's Crib
Two Hearted Ale,BellsBrewery,chancarriker
Dark Arts (2014),wickedweedbeer,Morningstar World HQ
Milk & Cookies,wickedweedbeer,Asgard
Green Man and the Chocolate Factory,GreenManBrewing,Rhythm Dance Studio
Stone Enjoy By 01.01.16 Black IPA,StoneBrewingCo,Labcorp
NoDaRyeZ'd,nodabrewing,moesbbqmatthews
NoDaRyeZ'd,nodabrewing,moesbbqmatthews
Wolaver's Alta Gracia Coffee Porter,OtterCreekBeer,George's Garage
Two Hearted Ale,BellsBrewery,George's Garage
Black,Perrinbrewing,George's Garage
Coffee Bender,surlybrewing,George's Garage
Higher Math,dogfishbeer,George's Garage
White Blaze (2015),TripleCBrew,Nickelback Fan Club World Headquarters
Two Hearted Ale,BellsBrewery,George's Garage
Torpedo Extra IPA,SierraNevada,George's Garage
Good Humans,ShortsBrewing,George's Garage
Citra Sunshine Slacker,EvilTwinBrewing/7venthSunBeer,Sudbury Rd.
Black,Perrinbrewing,George's Garage
Pro Bono Porter,LegalRemedyBrew,ncbeertemple
Sequestered Saison,LegalRemedyBrew,ncbeertemple
Witness White IPA,LegalRemedyBrew,ncbeertemple
Motion To Strike,LegalRemedyBrew,ncbeertemple
Red Oak Amber Lager,redoakbrew,Cajun Yard Dog
Hardcore Chimera,finchbeer,George's Garage
reDANKulous,foundersbrewing,vintnernc
Miles Davis' Bitches Brew,dogfishbeer,vintnernc
Belgian Strong Ale,BRBrewingCo,Casa Del Dolor
Sweet Baby Jesus!,DuClawBrewing,ncbeertemple
Grapefruit Sculpin,bpbrewing,Shonts Home
HI-5 IPA,TerrapinBeerCo,Shonts Home
reDANKulous,foundersbrewing,vintnernc
Racer 5 IPA,bearrepublic,pizzapeel
Jam Session,nodabrewing,Bojangles' Coliseum
Heady Topper,alchemistbeer,ncbeertemple
Heady Topper,alchemistbeer,ncbeertemple
Phantom Ship,HeavySeasBeer,Casa Del Dolor
Slack Pack IPA,lazyhikerbrews,ncbeertemple
Jam Session,nodabrewing,Bojangles' Coliseum
Pale Ale,SierraNevada,Bojangles' Coliseum
"Hop, Drop n Roll",nodabrewing,Bojangles' Coliseum
Le Terroir (Lips of Faith) (2015),newbelgium,ncbeertemple
Citradelic IPA,newbelgium,ncbeertemple
Ranger,newbelgium,ncbeertemple
Blackberry Barleywine (Lips of Faith),newbelgium,ncbeertemple
Pale Ale,SierraNevada,Ovens Auditorium
Slack Pack IPA,lazyhikerbrews,ncbeertemple
Le Terroir (Lips of Faith) (2015),newbelgium,ncbeertemple
Rye-On-Rye,Boulevard_Beer,ncbeertemple
Mc Chouffe,LaChouffeGnome,ncbeertemple
Mc Chouffe,LaChouffeGnome,ncbeertemple
Baltic Porter,DuckRabbitBrew,ncbeertemple
Le Terroir (Lips of Faith) (2015),newbelgium,ncbeertemple
Gingerbread Stout,hardywood,Andy's Fleshlight Masturbatorium
Pier,trilliumbrewing,Andy's Fleshlight Masturbatorium
Rico Sauvin,AtGBrewery,Sudbury Rd.
Cold Moon Cedar Sage Winter Ale,burialbeer,Andy's Fleshlight Masturbatorium
Sardo Numspa,CigarCityBeer,hi ho hi ho
Jacked Be Nimble,UintaBrewing,Casa Del Dolor
Tiramisu-Hoo,TerrapinBeerCo,Grant's Signature Salon
Sweet Baby Jesus!,DuClawBrewing,ncbeertemple
Neon Gypsy,DuClawBrewing,ncbeertemple
Devil's Milk,DuClawBrewing,ncbeertemple
Cocoa Fuego,DuClawBrewing,ncbeertemple
Foundation Series - 80 Shilling Scottish Ale,DuClawBrewing,ncbeertemple
Dirty Little Freak,DuClawBrewing,ncbeertemple
Blizzard of Hops (2015),TroegsBeer,Sudbury Rd.
Jade IPA,FoothillsBeer,Sudbury Rd.
Risen,dbbrewingco/surlybrewing,Sudbury Rd.
Session IPL,dbbrewingco/nodabrewing,Sudbury Rd.
Pale Ale (Yellowtail),bpbrewing,Sudbury Rd.
Mad Elf (2014),TroegsBeer,Casa Del Dolor
Mad Elf (2015),TroegsBeer,Casa Del Dolor
Brettaberry (Terra Locale Series),wickedweedbeer,ncbeertemple
Mango Tango Foxtrot,deepriverbruin,ncbeertemple
Kolsch,FlatTopBrewing,ncbeertemple
Dunkel,oldemeckbrew,theqclt
Captain James Jack Pilsner,oldemeckbrew,Cureton Neighborhood
"Hop, Drop n Roll",nodabrewing,threeamigosclt
"Hop, Drop n Roll",nodabrewing,Bojangles' Coliseum
Pear Ginger Beer (Lips of Faith),newbelgium,Sudbury Rd.
Cataclysm III,HeistBrewery,ncbeertemple
Jalapeo Pale Ale,BirdsongBrewing,George's Garage
"Hop, Drop n Roll",nodabrewing,George's Garage
Baba Organic Black Lager,UintaBrewing,George's Garage
Belgian Quad,nutsaboutbeer,Casa Del Dolor
Jalapeo Pale Ale,BirdsongBrewing,George's Garage
Smoked Ham & Corn Stout,AssClownBrewing,ncbeertemple
Bourbon County Brand Stout,GooseIsland,Kerry Greens
Jalapeo Pale Ale,BirdsongBrewing,George's Garage
Session IPL,dbbrewingco/nodabrewing,moesbbqmatthews
NxS IPA,StoneBrewingCo/SierraNevada,Shonts Home
Big Red Coq,breweryvivant,ncbeertemple
Rock Bridge Saison,rockbridgebrew,ncbeertemple
Big Vic Imperial IPA,ElevatorBrewing,ncbeertemple
French Toast Stout,wickedweedbeer,ncbeertemple
Red Oak Amber Lager,redoakbrew,Cajun Yard Dog
Nugget Nectar (2016),TroegsBeer,Sudbury Rd.
Good Morning Vietnam,WoodenRobotAle,ncbeertemple
What She's Having,WoodenRobotAle,ncbeertemple
What He's Having IPA,WoodenRobotAle,ncbeertemple
Habitual Line Stepper,WoodenRobotAle,ncbeertemple
Tangerine Soul Style IPA,GreenFlashBeer,vintnernc
Bourbon Barrel Aged Up All Night,TripleCBrew,moesbbqmatthews
Bourbon Barrel Aged Up All Night,TripleCBrew,moesbbqmatthews
Stone Farking Wheaton w00tstout (2015),StoneBrewingCo,vintnernc
Rise Up Stout,evolutionbeer,moesbbqmatthews
Young's Double Chocolate Stout,WellsBrewery,Cigars Etc.
Sweet Baby Jesus!,DuClawBrewing,Cigars Etc.
Light Lager,Yuengling_Beer,Independence & Harris Blvd
Risen,dbbrewingco/surlybrewing,Custom Home Pubs
Traditional Lager,Yuengling_Beer,Bojangles' Coliseum
Nugget Nectar,TroegsBeer,9th & Hennepin
Cherry Stout,BellsBrewery,vintnernc
Stone Farking Wheaton w00tstout (2015),StoneBrewingCo,vintnernc
C.R.E.A.M.,sixpoint,ncbeertemple
Bourbon Barrel Aged Double IPA,lazyhikerbrews,vintnernc
Skillet Donut Stout,burialbeer,ncbeertemple
Skillet Donut Stout,burialbeer,ncbeertemple
Tropicmost Passionfruit Gose,wickedweedbeer,vintnernc
Pineapple Sculpin,bpbrewing,moesbbqmatthews
Pineapple Sculpin,bpbrewing,moesbbqmatthews
CAVU,nodabrewing,Home In Matthews
Blonde,AMBrewery,Home In Matthews
Jalapeo Pale Ale,BirdsongBrewing,Home In Matthews
Samuel Adams Escape Route,SamuelAdamsBeer,Home In Matthews
Piercing Pils,dogfishbeer,Home In Matthews
Whiplash White IPA,SweetWaterBrew,Home In Matthews
Samuel Adams Scotch Ale,SamuelAdamsBeer,Home In Matthews
Hopslam Ale (2016),BellsBrewery,totalwine
Hopslam Ale (2016),BellsBrewery,Casa Del Dolor
Femme Fatale Blanc,EvilTwinBrewing,ncbeertemple
Dark Star,buroakbrewing,ncbeertemple
Golden Boy Blonde,TripleCBrew,Bojangles' Coliseum
Pale Ale,sugarcreekbrew,Bojangles' Coliseum
Montejo,Grupo_Modelo,hiexpress
Systema Natvr - Devilwood & Apricot,D9Brewing,ncbeertemple
Dwarf Invasion,bnektar,ncbeertemple
Houblon Chouffe,LaChouffeGnome,ncbeertemple
Grapefruit Sculpin,bpbrewing,vintnernc
Tweason'ale,dogfishbeer,threeamigosclt
Grand Optimist,HeistBrewery,ncbeertemple
Sexual Chocolate (2016),FoothillsBeer,ncbeertemple
Quick Start My Heart,DuClawBrewing,ncbeertemple
Grand Optimist,HeistBrewery,ncbeertemple
First Frost,fullsteam,ncbeertemple
Tart N Juicy Sour IPA,EpicBrewing,ncbeertemple
Flying Circus,CheckSixBeer,ncbeertemple
Lewis & Krunk West Coast Style IPA,preyerbrewing,ncbeertemple
Houblon Chouffe,LaChouffeGnome,ncbeertemple
Nugget Nectar,TroegsBeer,Woodbury Clubhouse
Bearded Farmer #5: Thornhill,westbrookbeer,ncbeertemple
Porter,GreenManBrewing,Carolina Cinemas - Crownpoint Stadium 12
Chocolate Rain,thebruery,ncbeertemple
Sexual Chocolate (Bourbon Barrel Aged),FoothillsBeer,ncbeertemple
Chocolate Peanut Butter Stout,AssClownBrewing,ncbeertemple
Steam Fired Stout,firemtbrewery,ncbeertemple
Tart N Juicy Sour IPA,EpicBrewing,ncbeertemple
Grand Optimist,HeistBrewery,ncbeertemple
Saw-Whet Saison,highlandbrews,ncbeertemple
Nugget Nectar,TroegsBeer,vintnernc
Dino S'mores,offcolorbrewing,ncbeertemple
Jenny Greenteeth,starrhill/dcbrau,ncbeertemple
Rum Barrel Aged Chocolate Cherry Stout,questbrewing,ncbeertemple
No Worries,WoodenRobotAle,ncbeertemple
Smoke Out,starrhill,ncbeertemple
Systema Natvr - Devilwood & Apricot,D9Brewing,ncbeertemple
Rum Barrel Aged Chocolate Cherry Stout,questbrewing,ncbeertemple
Free Will Pale Ale,BirdsongBrewing,Trail House
Tart N Juicy Sour IPA,EpicBrewing,vintnernc
Dragon's Milk Reserve: With Toasted Chiles,NewHollandBrew,ncbeertemple
Big Shrug,FontaFloraBrew,ncbeertemple
Soft Parade,ShortsBrewing,ncbeertemple
Big Bad Baptist (Release #52),EpicBrewing,ncbeertemple
Hunahpus Imperial Stout (2015),CigarCityBeer,ncbeertemple
Rico Sauvin,AtGBrewery,ncbeertemple
Hop Cakes,nodabrewing,Casa Del Dolor
Fruit Stand - Blackberry,CaseyBrewing,ncbeertemple
Hop Cakes,nodabrewing,Country Club Heights Neighborhood
Death To Cereal,urbanfambrewing,Country Club Heights Neighborhood
Third Coast Old Ale,BellsBrewery,vintnernc
Nugget Nectar,TroegsBeer,vintnernc
Napoleon Complex,wickedweedbeer,ncbeertemple
Cuve van de Keizer - Blauw,BreweryHetAnker,ncbeertemple
Deviant Dale's,oskarblues,ncbeertemple
Dark Cloud,motherearthbrew,ncbeertemple
Session IPL,dbbrewingco/nodabrewing,ncbeertemple
Snow Flurry,motherearthbrew,ncbeertemple
Gouden Carolus Tripel,BreweryHetAnker,ncbeertemple
Windowpane Series: Chocolate,motherearthbrew,ncbeertemple
Miles Davis' Bitches Brew (2014),dogfishbeer,Sparky's Bar & Grill
Windowpane Series: Chocolate,motherearthbrew,ncbeertemple
Pocahoptas,COTUBrew,ncbeertemple
Mexicali Stout,BirdsongBrewing,Carolina Cinemas - Crownpoint Stadium 12
Beer Camp Tropical IPA (2016),SierraNevada,Windsor Park
Twenty Two,AveryBrewingCo,flyingsaucercha
Samuel Adams Winter Lager (2015),SamuelAdamsBeer,texasroadhouse
Samuel Adams Rebel IPA,SamuelAdamsBeer,Union Street Bistro
Kind Of A Big Deal (with Cherries),TripleCBrew,Hawk's Rest
Red Oak Amber Lager,redoakbrew,Razzoo's Cajun Cafe
FCA IPA,railhousebrew,Carolina Ale House
Woody And Wilcox IPA,nodabrewing,Carolina Ale House
Blue,SweetWaterBrew,Carolina Ale House
Pale Ale,sugarcreekbrew,Kdogg's Mancave
Hoppy Holidays,nodabrewing,Kdogg's Mancave
Wake-n-Bake Coffee Oatmeal Imperial Stout,TerrapinBeerCo,Ridge Crossing
Big Bad Baptist,EpicBrewing,Ridge Crossing
Barleywine Style Ale,smuttynosebeer,Mission Hills Neighborhood
Blackout Stout,GLBC_Cleveland,flyingsaucercha
Grandfather's Breakfast Stout,BRBrewingCo,flyingsaucercha
Bourbon Barrel Aged Up All Night,TripleCBrew,flyingsaucercha
Dunkel,oldemeckbrew,flyingsaucercha
Bad Penny,bigbossbeer,Afton Pub & Pizza
Higher Ground IPA,BirdsongBrewing,Queen City Q
"Hop, Drop n Roll",nodabrewing,Queen City Q
Hoppy Holidays,nodabrewing,Litchfield Village
Hoppy Holidays,nodabrewing,Litchfield Village
Black Angel Cherry Sour,wickedweedbeer,Chocolate Bar Hot Tub
Stochasticity Project: Grainiac,StoneBrewingCo,3boyslee
Bourbon Barrel Aged Up All Night,TripleCBrew,flyingsaucercha
Hopsecutioner,TerrapinBeerCo,Carolina Ale House
"He'Brew Hanukkah, Chanukah (2015)",ShmaltzBrewing,flyingsaucercha
SteakCake Stout,db_brewing,flyingsaucercha
Hoppy Holidays,nodabrewing,Morris Glen Recreational Pool
Long Leaf IPA,AMBrewery,Kdogg's Mancave
Belgian Quad,nutsaboutbeer,201 Central
Jam Session,nodabrewing,flyingsaucercha
Bourbon County Brand Stout,GooseIsland,flyingsaucercha
Bourbon County Brand Stout (2015) 14.3%,GooseIsland,Wichnoski's Pub
Bourbon County Brand Stout (2014) 13.8%,GooseIsland,Wichnoski's Pub
Stone Go To IPA,StoneBrewingCo,Afton Pub & Pizza
Maggie's Blackberry Cobbler,TerrapinBeerCo,Wichnoski's Pub
Bourbon Barrel Aged White Blaze,TripleCBrew,flyingsaucercha
Project PAM,foundersbrewing,flyingsaucercha
Long Leaf IPA,AMBrewery,Kdogg's Mancave
Long Leaf IPA,AMBrewery,Kdogg's Mancave
Skipper's Stout,eriebrewingco,flyingsaucercha
Cinnamon Roll'd Wake-N-Bake (2015),TerrapinBeerCo,flyingsaucercha
Raisin The Roof,unknownbrewing,Lil' Robert's Place
Backwoods Bastard (2015),foundersbrewing,flyingsaucercha
Mosaic Red Rye IPA,TerrapinBeerCo,201 Central
White Angel,wickedweedbeer,Wichnoski's Pub
Lowerline,nolabrewing,Wichnoski's Pub
Woody And Wilcox IPA,nodabrewing,Carolina Ale House
Lazy Bird Brown Ale,BirdsongBrewing,Carolina Ale House
Farmer's Reserve Strawberry,AlmanacBeer,Wichnoski's Pub
Farmer's Reserve Pluot 2015,AlmanacBeer,Wichnoski's Pub
Dark Arts,wickedweedbeer,Wichnoski's Pub
Dark Pumpkin Sour,AlmanacBeer,Wichnoski's Pub
Dark Arts Espresso (2015),wickedweedbeer,Wichnoski's Pub
CAVU,nodabrewing,Queen City Q
Banana Split Chocolate Stout,ThomasCreekBeer,flyingsaucercha
Saranac S'more Porter,saranacbrewery,flyingsaucercha
Chocolate Stout,rogueales,Highland Creek
White Zombie Ale,catawbabeer,greatwolflodge
Knotty Gurl,gfbrewery,Lil' Robert's Place
Copper,oldemeckbrew,Angry Ale's University
Golden Boy Blonde,TripleCBrew,Angry Ale's University
Delicious IPA,StoneBrewingCo,flyingsaucercha
Delicious IPA,StoneBrewingCo,flyingsaucercha
Cocoa Fuego,DuClawBrewing,flyingsaucercha
Golden Brett,allagashbrewing,Morris Costumes University
Cold Crash,nodabrewing,flyingsaucercha
Copper,oldemeckbrew,billysuncc
Jam Session,nodabrewing,Residence Inn Charlotte University Research Park
Peg Leg,HeavySeasBeer,flyingsaucercha
Mexicali Stout,BirdsongBrewing,Queen City Q
Citradelic IPA,newbelgium,Litchfield Village
Woody And Wilcox IPA,nodabrewing,hiltonhotels
Jalapeo Pale Ale,BirdsongBrewing,holidayinn
Back In The Day IPA,obpbuzz,holidayinn
Neon Gypsy,DuClawBrewing,flyingsaucercha
Nitro Oatmeal Stout,foundersbrewing,flyingsaucercha
Molotov Cocktail (2013),EvilTwinBrewing,Myers Ln Taproom
Devil Dancer,foundersbrewing,Myers Ln Taproom
Mexicali Stout,BirdsongBrewing,Queen City Q
Saranac S'more Porter,saranacbrewery,Queen City Q
Bad Penny,bigbossbeer,Eastfield Bar & Grill
Harvest Time,bigbossbeer,B.R.E.W.
Pataskala Red X IPA,StoneBrewingCo,flyingsaucercha
Keeper's Veil Honey Saison,burialbeer,The Freak Show
Citradelic IPA,newbelgium,Kdogg's Mancave
Beer Camp Tropical IPA (2016),SierraNevada,Kdogg's Mancave
"Hop, Drop n Roll",nodabrewing,Kdogg's Mancave
Beer Camp Tropical IPA (2016),SierraNevada,The Lodge at Mallard Creek
"Hop, Drop n Roll",nodabrewing,Kdogg's Mancave
Black Coffee Black Stout,lazyhikerbrews,Wichnoski's Pub
"Hop, Drop n Roll",nodabrewing,Kdogg's Mancave
"Hop, Drop n Roll",nodabrewing,Kdogg's Mancave
Southern Roots,RedBrickBrewing,flyingsaucercha
Raisin The Roof,unknownbrewing,201 Central
Hopslam Ale (2016),BellsBrewery,flyingsaucercha
Pataskala Red X IPA,StoneBrewingCo,flyingsaucercha
Winter Welcome Ale 2015-2016,samsmithsbeer,Bradfield Farms
Sexual Chocolate,FoothillsBeer,201 Central
Hopslam Ale (2016),BellsBrewery,201 Central
Road To Nowhere Porter,TripleCBrew,The Wine Vault
Secret Stache Stout,finchbeer,The Wine Vault
"Hop, Drop n Roll",nodabrewing,holidayinn
Coffee Stout,SierraNevada,flyingsaucercha
Slack Pack IPA,lazyhikerbrews,Twin Peek's
Kabong,dbbrewingco,flyingsaucercha
What He's Having IPA,WoodenRobotAle,Highland Creek
Mosaic Red Rye IPA,TerrapinBeerCo,Afton Pub & Pizza
What He's Having IPA,WoodenRobotAle,Highland Creek
Beer Camp Tropical IPA (2016),SierraNevada,Kdogg's Mancave
Long Leaf IPA,AMBrewery,Kdogg's Mancave
Red Oak Amber Lager,redoakbrew,greatwolflodge
https://t.co/iljfFKcNPr.Truth.,orpheusbrewing,Myers Ln Taproom
King of the Mountain,BoojumBeer,Myers Ln Taproom
Hoppalachia IPA,gfbrewery,Kdogg's Mancave
Tropiclia,creaturebeer,Myers Ln Taproom
Hop Cakes (2016),nodabrewing,3boyslee
Hopsecutioner,TerrapinBeerCo,tmacrestaurants
Red's Rye IPA,foundersbrewing,tmacrestaurants
